Dst Port,Protocol,Timestamp,Flow Duration,Tot Fwd Pkts,Tot Bwd Pkts,TotLen Fwd Pkts,TotLen Bwd Pkts,Fwd Pkt Len Max,Fwd Pkt Len Min,Fwd Pkt Len Mean,Fwd Pkt Len Std,Bwd Pkt Len Max,Bwd Pkt Len Min,Bwd Pkt Len Mean,Bwd Pkt Len Std,Flow Byts/s,Flow Pkts/s,Flow IAT Mean,Flow IAT Std,Flow IAT Max,Flow IAT Min,Fwd IAT Tot,Fwd IAT Mean,Fwd IAT Std,Fwd IAT Max,Fwd IAT Min,Bwd IAT Tot,Bwd IAT Mean,Bwd IAT Std,Bwd IAT Max,Bwd IAT Min,Fwd PSH Flags,Bwd PSH Flags,Fwd URG Flags,Bwd URG Flags,Fwd Header Len,Bwd Header Len,Fwd Pkts/s,Bwd Pkts/s,Pkt Len Min,Pkt Len Max,Pkt Len Mean,Pkt Len Std,Pkt Len Var,FIN Flag Cnt,SYN Flag Cnt,RST Flag Cnt,PSH Flag Cnt,ACK Flag Cnt,URG Flag Cnt,CWE Flag Count,ECE Flag Cnt,Down/Up Ratio,Pkt Size Avg,Fwd Seg Size Avg,Bwd Seg Size Avg,Fwd Byts/b Avg,Fwd Pkts/b Avg,Fwd Blk Rate Avg,Bwd Byts/b Avg,Bwd Pkts/b Avg,Bwd Blk Rate Avg,Subflow Fwd Pkts,Subflow Fwd Byts,Subflow Bwd Pkts,Subflow Bwd Byts,Init Fwd Win Byts,Init Bwd Win Byts,Fwd Act Data Pkts,Fwd Seg Size Min,Active Mean,Active Std,Active Max,Active Min,Idle Mean,Idle Std,Idle Max,Idle Min,Label
80,6,15/02/2018 09:30:00,60767512,51863,936,74584834,56185,1460,1420,1440.0,10.2,120,40,57.2,18.0,8284227,891.2,1064.3,900,48000,4,60645977,1064.3,900,48000,4,60645977,64772.0,900,48000,4,1,0,0,0,1037261,18725,846.4,15.5,40,1460,1414.8,84.5,7144.0,0,2,0,480,51658,0,0,0,0.0,1414.8,1440.0,57.3,3,1,0,1,1,0,51863,74584834,936,56185,64240,65535,51759,1420,61311772,1226235,62538007,59472418,13173,1976,17125,8563,DoS attacks-GoldenEye
80,6,15/02/2018 09:30:02,61049963,52480,892,75246729,56644,1460,1420,1440.0,10.5,120,40,58.5,18.0,8646515,865.4,1043.2,900,48000,4,60927864,1043.2,900,48000,4,60927864,68293.0,900,48000,4,1,0,0,0,1049606,17843,842.8,15.2,40,1460,1404.4,82.5,6809.1,0,2,0,481,48614,0,0,0,0.0,1404.4,1440.0,59.9,3,1,0,1,1,0,52480,75246729,892,56644,64240,65535,52375,1420,60981601,1219632,62201233,59152153,13016,1952,16921,8460,DoS attacks-GoldenEye
80,6,15/02/2018 09:30:04,59489197,52438,896,75139128,53491,1460,1420,1440.0,11.6,120,40,64.8,18.0,8455764,876.8,1044.4,900,48000,4,59370219,1044.4,900,48000,4,59370219,66274.1,900,48000,4,1,0,0,0,1048769,17916,892.1,14.7,40,1460,1414.7,87.5,7663.1,0,2,0,482,52563,0,0,0,0.0,1414.7,1440.0,60.1,3,1,0,1,1,0,52438,75139128,896,53491,64240,65535,52333,1420,57467891,1149358,58617249,55743855,11832,1775,15381,7691,DoS attacks-GoldenEye
8080,6,15/02/2018 09:30:06,60247458,52768,947,75712086,57327,1460,1420,1440.0,12.8,120,40,56.6,18.0,7984370,882.4,1019.4,900,48000,4,60126963,1019.4,900,48000,4,60126963,63494.0,900,48000,4,1,0,0,0,1055360,18939,880.4,15.2,40,1460,1428.4,90.1,8123.0,0,2,0,483,51180,0,0,0,0.0,1428.4,1440.0,57.5,3,1,0,1,1,0,52768,75712086,947,57327,64240,65535,52662,1420,58290213,1165804,59456018,56541507,11316,1697,14711,7356,DoS attacks-GoldenEye
80,6,15/02/2018 09:30:08,59785564,51812,952,74175107,58732,1460,1420,1440.0,11.7,120,40,57.4,18.0,8683496,907.7,1006.2,900,48000,4,59665993,1006.2,900,48000,4,59665993,62659.7,900,48000,4,1,0,0,0,1036247,19044,893.8,15.5,40,1460,1406.9,87.2,7602.1,0,2,0,484,52323,0,0,0,0.0,1406.9,1440.0,54.3,3,1,0,1,1,0,51812,74175107,952,58732,64240,65535,51708,1420,56273720,1125474,57399194,54585508,12949,1942,16834,8417,DoS attacks-GoldenEye
8080,6,15/02/2018 09:30:10,60602281,54665,883,79184441,56026,1460,1420,1440.0,13.0,120,40,59.0,18.0,8244779,895.8,1099.2,900,48000,4,60481077,1099.2,900,48000,4,60481077,68476.0,900,48000,4,1,0,0,0,1093298,17664,859.8,15.8,40,1460,1428.1,88.5,7833.6,0,2,0,485,53266,0,0,0,0.0,1428.1,1440.0,56.1,3,1,0,1,1,0,54665,79184441,883,56026,64240,65535,54555,1420,59958488,1199170,61157658,58159734,13023,1953,16930,8465,DoS attacks-GoldenEye
80,6,15/02/2018 09:30:12,60023367,53749,884,76822337,50827,1460,1420,1440.0,14.0,120,40,57.2,18.0,8673539,908.6,1091.1,900,48000,4,59903320,1091.1,900,48000,4,59903320,67770.9,900,48000,4,1,0,0,0,1074985,17678,868.6,14.7,40,1460,1412.6,79.8,6375.1,0,2,0,486,52241,0,0,0,0.0,1412.6,1440.0,65.9,3,1,0,1,1,0,53749,76822337,884,50827,64240,65535,53641,1420,61190911,1223818,62414730,59355184,11826,1774,15374,7687,DoS attacks-GoldenEye
80,6,15/02/2018 09:30:14,60493620,54171,886,77355250,50954,1460,1420,1440.0,10.6,120,40,62.6,18.0,8356209,880.3,1087.2,900,48000,4,60372633,1087.2,900,48000,4,60372633,68108.8,900,48000,4,1,0,0,0,1083427,17728,895.2,14.4,40,1460,1410.2,81.0,6553.3,0,2,0,487,49946,0,0,0,0.0,1410.2,1440.0,59.5,3,1,0,1,1,0,54171,77355250,886,50954,64240,65535,54063,1420,56782980,1135660,57918639,55079490,11552,1733,15018,7509,DoS attacks-GoldenEye
80,6,15/02/2018 09:30:16,61021401,54539,902,78916065,54022,1460,1420,1440.0,11.0,120,40,57.5,18.0,8628454,900.8,1081.7,900,48000,4,60899358,1081.7,900,48000,4,60899358,67506.4,900,48000,4,1,0,0,0,1090777,18042,889.4,15.4,40,1460,1409.9,88.9,7897.1,0,2,0,488,49984,0,0,0,0.0,1409.9,1440.0,55.8,3,1,0,1,1,0,54539,78916065,902,54022,64240,65535,54429,1420,61748529,1234971,62983499,59896073,12152,1823,15798,7899,DoS attacks-GoldenEye
80,6,15/02/2018 09:30:18,62573014,56712,930,80896632,55144,1460,1420,1440.0,13.9,120,40,62.9,18.0,8413946,908.3,1065.8,900,48000,4,62447867,1065.8,900,48000,4,62447867,67164.8,900,48000,4,1,0,0,0,1134246,18595,882.1,15.3,40,1460,1427.7,92.3,8512.8,0,2,0,489,51975,0,0,0,0.0,1427.7,1440.0,57.6,3,1,0,1,1,0,56712,80896632,930,55144,64240,65535,56598,1420,61608181,1232164,62840345,59759935,10902,1635,14173,7086,DoS attacks-GoldenEye
80,6,15/02/2018 09:30:20,63032516,56446,953,81394286,56414,1460,1420,1440.0,12.6,120,40,61.5,18.0,8511400,899.2,1060.9,900,48000,4,62906451,1060.9,900,48000,4,62906451,66002.5,900,48000,4,1,0,0,0,1128928,19061,881.9,15.6,40,1460,1428.5,94.1,8855.4,0,2,0,490,53219,0,0,0,0.0,1428.5,1440.0,54.0,3,1,0,1,1,0,56446,81394286,953,56414,64240,65535,56333,1420,57881171,1157623,59038795,56144736,11731,1760,15251,7625,DoS attacks-GoldenEye
80,6,15/02/2018 09:30:22,62030241,54768,931,78832598,52822,1460,1420,1440.0,11.3,120,40,65.5,18.0,8585363,859.8,1078.3,900,48000,4,61906181,1078.3,900,48000,4,61906181,66508.4,900,48000,4,1,0,0,0,1095365,18616,896.3,15.9,40,1460,1410.2,84.8,7185.0,0,2,0,491,50635,0,0,0,0.0,1410.2,1440.0,65.8,3,1,0,1,1,0,54768,78832598,931,52822,64240,65535,54658,1420,58520086,1170402,59690487,56764483,12516,1877,16270,8135,DoS attacks-GoldenEye
80,6,15/02/2018 09:30:24,61939521,57711,988,82507060,57567,1460,1420,1440.0,14.0,120,40,65.8,18.0,8882823,880.0,1092.7,900,48000,4,61815642,1092.7,900,48000,4,61815642,62537.7,900,48000,4,1,0,0,0,1154216,19769,879.6,15.4,40,1460,1405.8,80.3,6442.2,0,2,0,492,49907,0,0,0,0.0,1405.8,1440.0,54.5,3,1,0,1,1,0,57711,82507060,988,57567,64240,65535,57595,1420,56565540,1131311,57696850,54868573,12518,1878,16274,8137,DoS attacks-GoldenEye
8080,6,15/02/2018 09:30:26,63521773,57917,989,83437731,53881,1460,1420,1440.0,14.5,120,40,58.6,18.0,8300156,871.5,1026.8,900,48000,4,63394729,1026.8,900,48000,4,63394729,64118.4,900,48000,4,1,0,0,0,1158331,19774,897.0,15.9,40,1460,1424.1,82.6,6830.0,0,2,0,493,52704,0,0,0,0.0,1424.1,1440.0,55.2,3,1,0,1,1,0,57917,83437731,989,53881,64240,65535,57800,1420,59620577,1192412,60812988,57831960,12095,1814,15723,7862,DoS attacks-GoldenEye
8080,6,15/02/2018 09:30:28,62110928,57362,938,82016809,54996,1460,1420,1440.0,10.3,120,40,58.4,18.0,8708383,897.1,1098.1,900,48000,4,61986706,1098.1,900,48000,4,61986706,66063.5,900,48000,4,1,0,0,0,1147244,18765,896.3,15.0,40,1460,1405.3,80.0,6395.1,0,2,0,494,53199,0,0,0,0.0,1405.3,1440.0,58.2,3,1,0,1,1,0,57362,82016809,938,54996,64240,65535,57247,1420,56631009,1132620,57763629,54932079,11509,1726,14962,7481,DoS attacks-GoldenEye
80,6,15/02/2018 09:30:30,63997791,57592,921,83196433,60149,1460,1420,1440.0,13.7,120,40,57.1,18.0,8337782,901.3,1050.8,900,48000,4,63869796,1050.8,900,48000,4,63869796,69379.8,900,48000,4,1,0,0,0,1151842,18411,891.6,15.3,40,1460,1415.7,92.1,8475.3,0,2,0,495,52008,0,0,0,0.0,1415.7,1440.0,62.3,3,1,0,1,1,0,57592,83196433,921,60149,64240,65535,57476,1420,60146621,1202932,61349553,58342222,12400,1860,16120,8060,DoS attacks-GoldenEye
80,6,15/02/2018 09:30:32,63209420,56369,934,81951994,58149,1460,1420,1440.0,14.6,120,40,64.9,18.0,8325790,901.6,1000.8,900,48000,4,63083001,1000.8,900,48000,4,63083001,67520.0,900,48000,4,1,0,0,0,1127383,18685,878.9,15.2,40,1460,1426.5,91.9,8445.1,0,2,0,496,50855,0,0,0,0.0,1426.5,1440.0,55.7,3,1,0,1,1,0,56369,81951994,934,58149,64240,65535,56256,1420,58751293,1175026,59926318,56988754,11347,1702,14752,7376,DoS attacks-GoldenEye
80,6,15/02/2018 09:30:34,63040763,59243,974,85193889,54308,1460,1420,1440.0,13.8,120,40,59.1,18.0,8418874,899.6,1057.9,900,48000,4,62914682,1057.9,900,48000,4,62914682,64583.5,900,48000,4,1,0,0,0,1184868,19483,866.4,14.8,40,1460,1412.1,87.5,7650.0,0,2,0,497,51592,0,0,0,0.0,1412.1,1440.0,54.6,3,1,0,1,1,0,59243,85193889,974,54308,64240,65535,59124,1420,56703406,1134068,57837475,55002304,12042,1806,15655,7827,DoS attacks-GoldenEye
80,6,15/02/2018 09:30:36,64552272,57609,995,82602399,55449,1460,1420,1440.0,11.7,120,40,65.0,18.0,8983369,909.6,1033.6,900,48000,4,64423167,1033.6,900,48000,4,64423167,64777.8,900,48000,4,1,0,0,0,1152185,19890,886.8,14.7,40,1460,1421.0,87.2,7598.4,0,2,0,498,51793,0,0,0,0.0,1421.0,1440.0,57.2,3,1,0,1,1,0,57609,82602399,995,55449,64240,65535,57494,1420,58495330,1169907,59665237,56740470,12166,1825,15816,7908,DoS attacks-GoldenEye
8080,6,15/02/2018 09:30:38,62937161,57877,970,83367709,57779,1460,1420,1440.0,10.7,120,40,61.1,18.0,8206684,863.9,1037.4,900,48000,4,62811287,1037.4,900,48000,4,62811287,64732.2,900,48000,4,1,0,0,0,1157548,19406,888.7,15.8,40,1460,1412.2,84.6,7163.9,0,2,0,499,50945,0,0,0,0.0,1412.2,1440.0,56.3,3,1,0,1,1,0,57877,83367709,970,57779,64240,65535,57761,1420,59838881,1196778,61035658,58043714,12155,1823,15802,7901,DoS attacks-GoldenEye
8080,6,15/02/2018 09:30:40,63873127,58268,987,83464140,54333,1460,1420,1440.0,10.9,120,40,66.1,18.0,8518739,885.3,1032.6,900,48000,4,63745381,1032.6,900,48000,4,63745381,64573.2,900,48000,4,1,0,0,0,1165358,19743,879.9,14.7,40,1460,1414.0,92.1,8481.3,0,2,0,500,52952,0,0,0,0.0,1414.0,1440.0,57.4,3,1,0,1,1,0,58268,83464140,987,54333,64240,65535,58151,1420,58488751,1169775,59658526,56734089,12543,1881,16306,8153,DoS attacks-GoldenEye
80,6,15/02/2018 09:30:42,64356001,60877,971,88240331,52828,1460,1420,1440.0,11.3,120,40,57.1,18.0,8410338,911.9,992.6,900,48000,4,64227289,992.6,900,48000,4,64227289,66135.0,900,48000,4,1,0,0,0,1217549,19423,886.9,14.7,40,1460,1420.1,96.8,9361.2,0,2,0,501,51894,0,0,0,0.0,1420.1,1440.0,55.9,3,1,0,1,1,0,60877,88240331,971,52828,64240,65535,60755,1420,59385763,1187715,60573479,57604190,11380,1707,14794,7397,DoS attacks-GoldenEye
8080,6,15/02/2018 09:30:44,63659188,59440,1034,85054496,59361,1460,1420,1440.0,13.3,120,40,63.9,18.0,8620955,871.2,1074.7,900,48000,4,63531869,1074.7,900,48000,4,63531869,61422.5,900,48000,4,1,0,0,0,1188803,20686,881.3,14.7,40,1460,1404.2,96.5,9319.4,0,2,0,502,55584,0,0,0,0.0,1404.2,1440.0,54.5,3,1,0,1,1,0,59440,85054496,1034,59361,64240,65535,59321,1420,61173570,1223471,62397041,59338363,11074,1661,14396,7198,DoS attacks-GoldenEye
8080,6,15/02/2018 09:30:46,65857635,59635,1020,85263890,60612,1460,1420,1440.0,11.4,120,40,63.1,18.0,9040444,909.4,1019.3,900,48000,4,65725920,1019.3,900,48000,4,65725920,64415.6,900,48000,4,1,0,0,0,1192693,20406,871.8,15.0,40,1460,1415.4,89.1,7940.0,0,2,0,503,54100,0,0,0,0.0,1415.4,1440.0,55.2,3,1,0,1,1,0,59635,85263890,1020,60612,64240,65535,59515,1420,56659018,1133180,57792198,54959247,12722,1908,16538,8269,DoS attacks-GoldenEye
80,6,15/02/2018 09:30:48,65472497,60099,965,86820409,62081,1460,1420,1440.0,12.0,120,40,56.3,18.0,8726820,915.7,1034.1,900,48000,4,65341552,1034.1,900,48000,4,65341552,67720.5,900,48000,4,1,0,0,0,1201981,19297,862.4,14.9,40,1460,1403.5,93.0,8654.5,0,2,0,504,52423,0,0,0,0.0,1403.5,1440.0,59.1,3,1,0,1,1,0,60099,86820409,965,62081,64240,65535,59978,1420,56275742,1125515,57401257,54587470,12551,1883,16316,8158,DoS attacks-GoldenEye
8080,6,15/02/2018 09:30:50,63832374,61489,978,88793460,55664,1460,1420,1440.0,14.6,120,40,63.9,18.0,8818907,895.3,1069.9,900,48000,4,63704709,1069.9,900,48000,4,63704709,65159.7,900,48000,4,1,0,0,0,1229783,19553,901.7,15.2,40,1460,1405.5,87.4,7639.1,0,2,0,505,54182,0,0,0,0.0,1405.5,1440.0,64.7,3,1,0,1,1,0,61489,88793460,978,55664,64240,65535,61366,1420,56632016,1132640,57764657,54933056,12242,1836,15915,7958,DoS attacks-GoldenEye
80,6,15/02/2018 09:30:52,64588767,62513,968,89127336,55972,1460,1420,1440.0,10.2,120,40,62.8,18.0,9096638,910.2,1011.3,900,48000,4,64459590,1011.3,900,48000,4,64459590,66568.8,900,48000,4,1,0,0,0,1250251,19366,856.5,16.1,40,1460,1420.6,81.9,6706.2,0,2,0,506,52902,0,0,0,0.0,1420.6,1440.0,58.7,3,1,0,1,1,0,62513,89127336,968,55972,64240,65535,62387,1420,59275780,1185516,60461295,57497506,11535,1730,14996,7498,DoS attacks-GoldenEye
80,6,15/02/2018 09:30:54,65484184,60093,1036,86001364,62337,1460,1420,1440.0,10.0,120,40,59.3,18.0,8359002,891.6,1000.9,900,48000,4,65353216,1000.9,900,48000,4,65353216,63053.7,900,48000,4,1,0,0,0,1201868,20729,854.5,16.0,40,1460,1408.1,82.2,6757.0,0,2,0,507,51651,0,0,0,0.0,1408.1,1440.0,60.6,3,1,0,1,1,0,60093,86001364,1036,62337,64240,65535,59973,1420,61636122,1232722,62868844,59787038,12500,1875,16249,8125,DoS attacks-GoldenEye
80,6,15/02/2018 09:30:56,66896109,61312,1035,88581472,59719,1460,1420,1440.0,11.4,120,40,64.9,18.0,8890935,885.1,1001.6,900,48000,4,66762317,1001.6,900,48000,4,66762317,64478.1,900,48000,4,1,0,0,0,1226240,20708,858.4,15.0,40,1460,1410.6,80.4,6462.1,0,2,0,508,56280,0,0,0,0.0,1410.6,1440.0,60.7,3,1,0,1,1,0,61312,88581472,1035,59719,64240,65535,61189,1420,59022677,1180454,60203131,57251997,12184,1828,15839,7920,DoS attacks-GoldenEye
8080,6,15/02/2018 09:30:58,66913964,61889,974,89613985,59615,1460,1420,1440.0,14.6,120,40,60.8,18.0,8869279,912.6,1073.8,900,48000,4,66780136,1073.8,900,48000,4,66780136,68545.0,900,48000,4,1,0,0,0,1237780,19485,884.2,15.2,40,1460,1424.7,85.6,7324.5,0,2,0,509,55347,0,0,0,0.0,1424.7,1440.0,65.6,3,1,0,1,1,0,61889,89613985,974,59615,64240,65535,61765,1420,56586809,1131736,57718545,54889205,12929,1939,16808,8404,DoS attacks-GoldenEye
80,6,15/02/2018 09:31:00,66494530,61920,1055,89222914,68223,1460,1420,1440.0,12.8,120,40,55.8,18.0,9181525,917.6,1090.9,900,48000,4,66361541,1090.9,900,48000,4,66361541,62883.9,900,48000,4,1,0,0,0,1238398,21106,866.3,15.0,40,1460,1403.4,89.9,8076.2,0,2,0,510,52268,0,0,0,0.0,1403.4,1440.0,64.0,3,1,0,1,1,0,61920,89222914,1055,68223,64240,65535,61796,1420,58240941,1164819,59405760,56493712,11849,1777,15403,7702,DoS attacks-GoldenEye
80,6,15/02/2018 09:31:02,64930681,63080,1038,91412604,67117,1460,1420,1440.0,13.8,120,40,58.7,18.0,8533466,921.4,1017.2,900,48000,4,64800820,1017.2,900,48000,4,64800820,62453.7,900,48000,4,1,0,0,0,1261594,20751,866.7,15.9,40,1460,1415.3,92.6,8575.8,0,2,0,511,53817,0,0,0,0.0,1415.3,1440.0,55.7,3,1,0,1,1,0,63080,91412604,1038,67117,64240,65535,62953,1420,59741842,1194837,60936679,57949587,11093,1664,14421,7210,DoS attacks-GoldenEye
8080,6,15/02/2018 09:31:04,65492864,62206,991,90295704,60886,1460,1420,1440.0,14.3,120,40,55.6,18.0,8454308,892.0,1054.8,900,48000,4,65361878,1054.8,900,48000,4,65361878,65962.7,900,48000,4,1,0,0,0,1244118,19817,902.9,15.8,40,1460,1409.6,83.7,7006.7,0,2,0,512,52660,0,0,0,0.0,1409.6,1440.0,55.7,3,1,0,1,1,0,62206,90295704,991,60886,64240,65535,62081,1420,57828638,1156573,58985211,56093779,12176,1826,15828,7914,DoS attacks-GoldenEye
8080,6,15/02/2018 09:31:06,65860249,63791,1028,91775174,64514,1460,1420,1440.0,12.3,120,40,57.1,18.0,8440797,873.5,1093.3,900,48000,4,65728528,1093.3,900,48000,4,65728528,63952.4,900,48000,4,1,0,0,0,1275819,20555,870.0,15.3,40,1460,1409.5,97.8,9572.8,0,2,0,513,55914,0,0,0,0.0,1409.5,1440.0,64.9,3,1,0,1,1,0,63791,91775174,1028,64514,64240,65535,63663,1420,56640614,1132812,57773426,54941396,11359,1704,14766,7383,DoS attacks-GoldenEye
80,6,15/02/2018 09:31:08,67619517,66123,1018,94849635,59982,1460,1420,1440.0,13.0,120,40,55.4,18.0,9310394,921.7,1069.8,900,48000,4,67484278,1069.8,900,48000,4,67484278,66277.8,900,48000,4,1,0,0,0,1322459,20364,875.2,15.6,40,1460,1404.9,89.3,7969.7,0,2,0,514,52457,0,0,0,0.0,1404.9,1440.0,59.2,3,1,0,1,1,0,66123,94849635,1018,59982,64240,65535,65990,1420,57290567,1145811,58436378,55571850,12993,1949,16890,8445,DoS attacks-GoldenEye
80,6,15/02/2018 09:31:10,67872757,63855,1059,91745169,64064,1460,1420,1440.0,10.1,120,40,58.8,18.0,8678811,911.5,1058.2,900,48000,4,67737011,1058.2,900,48000,4,67737011,63967.7,900,48000,4,1,0,0,0,1277092,21178,864.7,15.9,40,1460,1422.5,91.4,8348.6,0,2,0,515,53899,0,0,0,0.0,1422.5,1440.0,61.0,3,1,0,1,1,0,63855,91745169,1059,64064,64240,65535,63726,1420,58348099,1166962,59515061,56597656,12756,1913,16583,8291,DoS attacks-GoldenEye
80,6,15/02/2018 09:31:12,67112005,64092,1042,93131247,64115,1460,1420,1440.0,14.8,120,40,62.5,18.0,8920066,913.8,1031.3,900,48000,4,66977781,1031.3,900,48000,4,66977781,64282.7,900,48000,4,1,0,0,0,1281834,20838,892.2,15.4,40,1460,1430.1,94.0,8834.1,0,2,0,516,57927,0,0,0,0.0,1430.1,1440.0,63.3,3,1,0,1,1,0,64092,93131247,1042,64115,64240,65535,63963,1420,59030187,1180604,60210791,57259281,12713,1907,16527,8264,DoS attacks-GoldenEye
80,6,15/02/2018 09:31:14,66701413,63726,1090,91472570,64633,1460,1420,1440.0,14.1,120,40,65.1,18.0,8830898,896.9,1009.3,900,48000,4,66568010,1009.3,900,48000,4,66568010,61043.6,900,48000,4,1,0,0,0,1274515,21809,863.4,15.9,40,1460,1413.7,91.3,8344.6,0,2,0,517,56591,0,0,0,0.0,1413.7,1440.0,58.4,3,1,0,1,1,0,63726,91472570,1090,64633,64240,65535,63598,1420,57284282,1145686,58429968,55565754,10949,1642,14234,7117,DoS attacks-GoldenEye
80,6,15/02/2018 09:31:16,68537853,64724,1010,93266657,66000,1460,1420,1440.0,13.8,120,40,66.2,18.0,9023900,925.8,1073.9,900,48000,4,68400777,1073.9,900,48000,4,68400777,67723.5,900,48000,4,1,0,0,0,1294486,20200,890.4,16.5,40,1460,1430.3,83.4,6954.1,0,2,0,518,54713,0,0,0,0.0,1430.3,1440.0,55.0,3,1,0,1,1,0,64724,93266657,1010,66000,64240,65535,64594,1420,61928959,1238579,63167538,60071091,12904,1936,16775,8388,DoS attacks-GoldenEye
80,6,15/02/2018 09:31:18,66565954,67458,1108,97816070,70606,1460,1420,1440.0,14.6,120,40,56.3,18.0,8832888,875.1,1049.4,900,48000,4,66432822,1049.4,900,48000,4,66432822,59969.2,900,48000,4,1,0,0,0,1349161,22155,871.5,16.5,40,1460,1426.0,97.6,9517.6,0,2,0,519,54237,0,0,0,0.0,1426.0,1440.0,62.6,3,1,0,1,1,0,67458,97816070,1108,70606,64240,65535,67323,1420,56555258,1131105,57686363,54858600,10880,1632,14144,7072,DoS attacks-GoldenEye
80,6,15/02/2018 09:31:20,67924086,65497,1011,94126579,59247,1460,1420,1440.0,11.6,120,40,66.0,18.0,8838061,904.5,1024.5,900,48000,4,67788238,1024.5,900,48000,4,67788238,67049.6,900,48000,4,1,0,0,0,1309941,20220,871.7,15.8,40,1460,1427.9,94.1,8859.1,0,2,0,520,56198,0,0,0,0.0,1427.9,1440.0,59.7,3,1,0,1,1,0,65497,94126579,1011,59247,64240,65535,65366,1420,59369607,1187392,60556999,57588519,11844,1777,15397,7699,DoS attacks-GoldenEye
80,6,15/02/2018 09:31:22,67903750,68070,1029,97322725,59192,1460,1420,1440.0,11.3,120,40,63.3,18.0,9422594,883.1,1002.6,900,48000,4,67767943,1002.6,900,48000,4,67767943,65841.8,900,48000,4,1,0,0,0,1361404,20585,896.8,15.3,40,1460,1418.7,93.1,8675.2,0,2,0,521,56785,0,0,0,0.0,1418.7,1440.0,62.7,3,1,0,1,1,0,68070,97322725,1029,59192,64240,65535,67934,1420,61060107,1221202,62281309,59228304,12502,1875,16253,8126,DoS attacks-GoldenEye
80,6,15/02/2018 09:31:24,68091732,66927,1120,95482059,62258,1460,1420,1440.0,10.2,120,40,64.6,18.0,9223360,918.7,1024.1,900,48000,4,67955549,1024.1,900,48000,4,67955549,60686.0,900,48000,4,1,0,0,0,1338541,22395,913.4,15.2,40,1460,1421.8,97.6,9520.5,0,2,0,522,55817,0,0,0,0.0,1421.8,1440.0,66.0,3,1,0,1,1,0,66927,95482059,1120,62258,64240,65535,66793,1420,57832644,1156653,58989297,56097665,12687,1903,16493,8247,DoS attacks-GoldenEye
80,6,15/02/2018 09:31:26,69324930,68675,1122,98958408,72998,1460,1420,1440.0,14.7,120,40,61.6,18.0,9038169,881.3,1045.7,900,48000,4,69186281,1045.7,900,48000,4,69186281,61663.4,900,48000,4,1,0,0,0,1373491,22439,872.5,15.1,40,1460,1414.6,80.6,6494.9,0,2,0,523,57298,0,0,0,0.0,1414.6,1440.0,57.6,3,1,0,1,1,0,68675,98958408,1122,72998,64240,65535,68537,1420,59280910,1185618,60466529,57502483,10911,1637,14184,7092,DoS attacks-GoldenEye
8080,6,15/02/2018 09:31:28,69284525,66156,1075,94428650,70205,1460,1420,1440.0,13.7,120,40,55.3,18.0,9320555,897.1,1071.9,900,48000,4,69145956,1071.9,900,48000,4,69145956,64347.0,900,48000,4,1,0,0,0,1323123,21491,870.0,15.2,40,1460,1410.1,84.0,7048.9,0,2,0,524,54693,0,0,0,0.0,1410.1,1440.0,55.3,3,1,0,1,1,0,66156,94428650,1075,70205,64240,65535,66023,1420,61179736,1223595,62403331,59344344,10940,1641,14222,7111,DoS attacks-GoldenEye
80,6,15/02/2018 09:31:30,67759313,70221,1037,101521200,66433,1460,1420,1440.0,13.2,120,40,66.4,18.0,9109746,903.1,997.0,900,48000,4,67623794,997.0,900,48000,4,67623794,65232.8,900,48000,4,1,0,0,0,1404413,20733,883.0,15.3,40,1460,1424.3,92.3,8519.9,0,2,0,525,58524,0,0,0,0.0,1424.3,1440.0,57.2,3,1,0,1,1,0,70221,101521200,1037,66433,64240,65535,70080,1420,59115012,1182300,60297312,57341562,13126,1969,17064,8532,DoS attacks-GoldenEye
80,6,15/02/2018 09:31:32,70564932,68039,1085,98168071,69513,1460,1420,1440.0,10.3,120,40,57.4,18.0,9266181,917.0,1020.4,900,48000,4,70423802,1020.4,900,48000,4,70423802,64893.6,900,48000,4,1,0,0,0,1360786,21704,876.1,16.3,40,1460,1411.8,98.4,9680.9,0,2,0,526,57876,0,0,0,0.0,1411.8,1440.0,58.3,3,1,0,1,1,0,68039,98168071,1085,69513,64240,65535,67903,1420,59827236,1196545,61023781,58032419,11877,1782,15440,7720,DoS attacks-GoldenEye
80,6,15/02/2018 09:31:34,68444749,69569,1067,99679674,61761,1460,1420,1440.0,13.0,120,40,60.5,18.0,9134349,917.6,1059.8,900,48000,4,68307860,1059.8,900,48000,4,68307860,64047.8,900,48000,4,1,0,0,0,1391374,21330,874.2,16.0,40,1460,1410.3,88.4,7818.4,0,2,0,527,56982,0,0,0,0.0,1410.3,1440.0,61.4,3,1,0,1,1,0,69569,99679674,1067,61761,64240,65535,69429,1420,60935345,1218707,62154051,59107284,13053,1958,16969,8485,DoS attacks-GoldenEye
80,6,15/02/2018 09:31:36,70771767,68385,1047,98562598,63971,1460,1420,1440.0,13.2,120,40,66.4,18.0,8732703,887.6,987.6,900,48000,4,70630224,987.6,900,48000,4,70630224,67460.8,900,48000,4,1,0,0,0,1367706,20939,900.0,16.0,40,1460,1415.5,94.6,8950.1,0,2,0,528,54905,0,0,0,0.0,1415.5,1440.0,55.6,3,1,0,1,1,0,68385,98562598,1047,63971,64240,65535,68248,1420,59852869,1197057,61049926,58057283,10954,1643,14240,7120,DoS attacks-GoldenEye
80,6,15/02/2018 09:31:38,70332087,69129,1109,99299260,61744,1460,1420,1440.0,11.9,120,40,60.3,18.0,9606433,922.8,1085.3,900,48000,4,70191422,1085.3,900,48000,4,70191422,63280.2,900,48000,4,1,0,0,0,1382586,22184,881.1,16.1,40,1460,1427.8,85.9,7375.0,0,2,0,529,59675,0,0,0,0.0,1427.8,1440.0,57.9,3,1,0,1,1,0,69129,99299260,1109,61744,64240,65535,68991,1420,58762445,1175249,59937694,56999572,12356,1853,16063,8031,DoS attacks-GoldenEye
80,6,15/02/2018 09:31:40,69834352,70189,1095,101076832,66055,1460,1420,1440.0,14.1,120,40,63.5,18.0,8884633,910.4,1087.6,900,48000,4,69694684,1087.6,900,48000,4,69694684,63621.1,900,48000,4,1,0,0,0,1403788,21909,890.3,15.7,40,1460,1403.3,85.4,7299.3,0,2,0,530,58068,0,0,0,0.0,1403.3,1440.0,59.4,3,1,0,1,1,0,70189,101076832,1095,66055,64240,65535,70049,1420,60743038,1214861,61957899,58920747,11519,1728,14975,7488,DoS attacks-GoldenEye
80,6,15/02/2018 09:31:42,69549753,72066,1126,104099306,64734,1460,1420,1440.0,12.7,120,40,66.0,18.0,9173066,905.0,1027.5,900,48000,4,69410653,1027.5,900,48000,4,69410653,61653.2,900,48000,4,1,0,0,0,1441329,22516,913.9,15.8,40,1460,1414.5,95.3,9087.3,0,2,0,531,56195,0,0,0,0.0,1414.5,1440.0,56.3,3,1,0,1,1,0,72066,104099306,1126,64734,64240,65535,71922,1420,59799740,1195995,60995735,58005748,11950,1792,15535,7767,DoS attacks-GoldenEye
80,6,15/02/2018 09:31:44,71534085,70514,1143,101716334,63137,1460,1420,1440.0,13.0,120,40,55.6,18.0,9494386,916.5,990.3,900,48000,4,71391017,990.3,900,48000,4,71391017,62449.8,900,48000,4,1,0,0,0,1410282,22863,886.6,15.8,40,1460,1419.5,88.0,7744.0,0,2,0,532,56197,0,0,0,0.0,1419.5,1440.0,56.2,3,1,0,1,1,0,70514,101716334,1143,63137,64240,65535,70373,1420,57955059,1159101,59114161,56216408,13079,1962,17003,8501,DoS attacks-GoldenEye
80,6,15/02/2018 09:31:46,71543376,71485,1105,102687480,71015,1460,1420,1440.0,10.7,120,40,55.2,18.0,8950483,893.1,1019.9,900,48000,4,71400290,1019.9,900,48000,4,71400290,64606.7,900,48000,4,1,0,0,0,1429698,22103,878.7,15.9,40,1460,1420.8,87.6,7669.4,0,2,0,533,59811,0,0,0,0.0,1420.8,1440.0,60.9,3,1,0,1,1,0,71485,102687480,1105,71015,64240,65535,71341,1420,61720243,1234405,62954648,59868635,12006,1801,15607,7804,DoS attacks-GoldenEye
80,6,15/02/2018 09:31:48,69505882,71846,1171,102647575,70270,1460,1420,1440.0,12.1,120,40,57.9,18.0,9543452,894.2,1034.0,900,48000,4,69366871,1034.0,900,48000,4,69366871,59244.3,900,48000,4,1,0,0,0,1436915,23417,904.7,16.7,40,1460,1422.8,88.4,7806.1,0,2,0,534,57878,0,0,0,0.0,1422.8,1440.0,65.2,3,1,0,1,1,0,71846,102647575,1171,70270,64240,65535,71702,1420,61162953,1223259,62386212,59328065,13121,1968,17058,8529,DoS attacks-GoldenEye
80,6,15/02/2018 09:31:50,71035940,72714,1095,104014719,65214,1460,1420,1440.0,10.5,120,40,60.6,18.0,9597720,922.7,1040.0,900,48000,4,70893868,1040.0,900,48000,4,70893868,64767.9,900,48000,4,1,0,0,0,1454275,21891,909.8,15.8,40,1460,1413.3,95.1,9035.5,0,2,0,535,55084,0,0,0,0.0,1413.3,1440.0,64.9,3,1,0,1,1,0,72714,104014719,1095,65214,64240,65535,72568,1420,56083823,1121676,57205499,54401308,11472,1721,14913,7457,DoS attacks-GoldenEye
80,6,15/02/2018 09:31:52,70278231,74343,1177,107109975,63896,1460,1420,1440.0,13.8,120,40,59.7,18.0,9033806,919.9,1055.0,900,48000,4,70137674,1055.0,900,48000,4,70137674,59577.3,900,48000,4,1,0,0,0,1486851,23545,894.8,15.9,40,1460,1419.1,95.0,9027.0,0,2,0,536,58450,0,0,0,0.0,1419.1,1440.0,58.0,3,1,0,1,1,0,74343,107109975,1177,63896,64240,65535,74193,1420,57396793,1147936,58544729,55674889,11583,1738,15058,7529,DoS attacks-GoldenEye
8080,6,15/02/2018 09:31:54,72475051,73095,1075,104559839,69764,1460,1420,1440.0,15.0,120,40,55.2,18.0,9429602,933.3,1010.8,900,48000,4,72330101,1010.8,900,48000,4,72330101,67297.9,900,48000,4,1,0,0,0,1461890,21495,894.2,16.5,40,1460,1412.5,96.3,9279.4,0,2,0,537,58103,0,0,0,0.0,1412.5,1440.0,57.2,3,1,0,1,1,0,73095,104559839,1075,69764,64240,65535,72948,1420,56257122,1125142,57382265,54569409,11671,1751,15172,7586,DoS attacks-GoldenEye
80,6,15/02/2018 09:31:56,72917765,73117,1134,104771641,70340,1460,1420,1440.0,12.5,120,40,62.5,18.0,8979246,902.6,1072.9,900,48000,4,72771929,1072.9,900,48000,4,72771929,64197.8,900,48000,4,1,0,0,0,1462347,22671,910.1,16.6,40,1460,1423.9,97.8,9556.5,0,2,0,538,56514,0,0,0,0.0,1423.9,1440.0,64.7,3,1,0,1,1,0,73117,104771641,1134,70340,64240,65535,72971,1420,56848913,1136978,57985892,55143446,11493,1724,14941,7470,DoS attacks-GoldenEye
80,6,15/02/2018 09:31:58,72636921,72721,1115,105119950,65530,1460,1420,1440.0,11.4,120,40,58.7,18.0,9697483,933.1,1044.8,900,48000,4,72491647,1044.8,900,48000,4,72491647,64993.1,900,48000,4,1,0,0,0,1454426,22307,871.1,15.9,40,1460,1416.5,84.9,7207.7,0,2,0,539,55885,0,0,0,0.0,1416.5,1440.0,58.4,3,1,0,1,1,0,72721,105119950,1115,65530,64240,65535,72575,1420,60296642,1205933,61502575,58487743,12849,1927,16704,8352,DoS attacks-GoldenEye
8080,6,15/02/2018 09:32:00,71640868,74494,1174,107296085,77324,1460,1420,1440.0,13.7,120,40,54.8,18.0,9754471,925.6,1084.1,900,48000,4,71497587,1084.1,900,48000,4,71497587,60925.2,900,48000,4,1,0,0,0,1489873,23470,897.9,17.0,40,1460,1428.4,84.7,7177.4,0,2,0,540,58269,0,0,0,0.0,1428.4,1440.0,65.5,3,1,0,1,1,0,74494,107296085,1174,77324,64240,65535,74344,1420,59644522,1192890,60837412,57855186,11259,1689,14636,7318,DoS attacks-GoldenEye
80,6,15/02/2018 09:32:02,71834658,73721,1196,105332488,77252,1460,1420,1440.0,14.0,120,40,55.6,18.0,9296741,919.7,1059.4,900,48000,4,71690989,1059.4,900,48000,4,71690989,59958.5,900,48000,4,1,0,0,0,1474414,23913,877.1,15.8,40,1460,1424.8,85.6,7330.9,0,2,0,541,60176,0,0,0,0.0,1424.8,1440.0,64.8,3,1,0,1,1,0,73721,105332488,1196,77252,64240,65535,73573,1420,58741956,1174839,59916795,56979697,12528,1879,16286,8143,DoS attacks-GoldenEye
80,6,15/02/2018 09:32:04,72540988,75583,1160,107775383,71818,1460,1420,1440.0,11.7,120,40,59.7,18.0,9327452,932.6,1034.1,900,48000,4,72395906,1034.1,900,48000,4,72395906,62418.5,900,48000,4,1,0,0,0,1511655,23196,878.1,16.4,40,1460,1425.8,90.0,8094.2,0,2,0,542,56014,0,0,0,0.0,1425.8,1440.0,60.8,3,1,0,1,1,0,75583,107775383,1160,71818,64240,65535,75431,1420,56183505,1123670,57307175,54498000,11083,1662,14408,7204,DoS attacks-GoldenEye
8080,6,15/02/2018 09:32:06,73531886,77017,1176,111327011,72018,1460,1420,1440.0,14.3,120,40,56.3,18.0,9095435,905.8,1031.3,900,48000,4,73384822,1031.3,900,48000,4,73384822,62389.5,900,48000,4,1,0,0,0,1540344,23524,890.7,16.2,40,1460,1407.3,92.8,8618.6,0,2,0,543,58209,0,0,0,0.0,1407.3,1440.0,57.2,3,1,0,1,1,0,77017,111327011,1176,72018,64240,65535,76863,1420,60826998,1216540,62043537,59002188,12796,1919,16635,8317,DoS attacks-GoldenEye
80,6,15/02/2018 09:32:08,73687413,76553,1120,110546305,71007,1460,1420,1440.0,11.8,120,40,66.7,18.0,9279806,892.6,1073.4,900,48000,4,73540038,1073.4,900,48000,4,73540038,65682.2,900,48000,4,1,0,0,0,1531064,22392,891.9,15.9,40,1460,1413.4,83.1,6910.8,0,2,0,544,58402,0,0,0,0.0,1413.4,1440.0,56.2,3,1,0,1,1,0,76553,110546305,1120,71007,64240,65535,76400,1420,61512815,1230256,62743072,59667431,12044,1807,15657,7828,DoS attacks-GoldenEye
8080,6,15/02/2018 09:32:10,72503976,76120,1125,110599788,61936,1460,1420,1440.0,12.0,120,40,62.7,18.0,9299972,891.0,1029.1,900,48000,4,72358968,1029.1,900,48000,4,72358968,64298.0,900,48000,4,1,0,0,0,1522394,22507,920.9,17.0,40,1460,1406.8,94.4,8917.6,0,2,0,545,60001,0,0,0,0.0,1406.8,1440.0,57.3,3,1,0,1,1,0,76120,110599788,1125,61936,64240,65535,75967,1420,58463908,1169278,59633186,56709990,12190,1829,15848,7924,DoS attacks-GoldenEye
80,6,15/02/2018 09:32:12,72293409,74948,1122,108077991,61291,1460,1420,1440.0,11.5,120,40,62.9,18.0,9608635,916.8,1081.9,900,48000,4,72148822,1081.9,900,48000,4,72148822,64322.4,900,48000,4,1,0,0,0,1498969,22433,913.0,15.8,40,1460,1424.2,97.8,9563.5,0,2,0,546,57905,0,0,0,0.0,1424.2,1440.0,58.2,3,1,0,1,1,0,74948,108077991,1122,61291,64240,65535,74798,1420,57651172,1153023,58804195,55921636,11073,1661,14395,7197,DoS attacks-GoldenEye
80,6,15/02/2018 09:32:14,72907301,75675,1119,108271055,72476,1460,1420,1440.0,14.4,120,40,65.1,18.0,9855144,939.0,984.1,900,48000,4,72761487,984.1,900,48000,4,72761487,65042.9,900,48000,4,1,0,0,0,1513492,22373,883.0,16.1,40,1460,1429.3,93.3,8705.3,0,2,0,547,60473,0,0,0,0.0,1429.3,1440.0,58.5,3,1,0,1,1,0,75675,108271055,1119,72476,64240,65535,75523,1420,57520348,1150407,58670755,55794738,12882,1932,16746,8373,DoS attacks-GoldenEye
80,6,15/02/2018 09:32:16,74477186,75287,1154,107946153,73812,1460,1420,1440.0,12.5,120,40,58.2,18.0,9927826,890.8,1060.6,900,48000,4,74328232,1060.6,900,48000,4,74328232,64384.4,900,48000,4,1,0,0,0,1505734,23088,921.1,16.9,40,1460,1419.6,88.6,7845.9,0,2,0,548,59058,0,0,0,0.0,1419.6,1440.0,64.8,3,1,0,1,1,0,75287,107946153,1154,73812,64240,65535,75136,1420,59994601,1199892,61194493,58194763,13194,1979,17152,8576,DoS attacks-GoldenEye
80,6,15/02/2018 09:32:18,74200674,78177,1184,111613210,66384,1460,1420,1440.0,11.7,120,40,60.8,18.0,9217848,905.4,1030.6,900,48000,4,74052273,1030.6,900,48000,4,74052273,62548.3,900,48000,4,1,0,0,0,1563544,23678,892.3,16.0,40,1460,1415.9,93.7,8778.0,0,2,0,549,58350,0,0,0,0.0,1415.9,1440.0,54.1,3,1,0,1,1,0,78177,111613210,1184,66384,64240,65535,78020,1420,56891142,1137823,58028964,55184407,12690,1904,16497,8249,DoS attacks-GoldenEye
8080,6,15/02/2018 09:32:20,74546375,78544,1216,112740250,69172,1460,1420,1440.0,12.5,120,40,65.9,18.0,9455231,894.1,1011.3,900,48000,4,74397282,1011.3,900,48000,4,74397282,61162.7,900,48000,4,1,0,0,0,1570885,24327,891.7,16.1,40,1460,1403.9,85.1,7240.2,0,2,0,550,58938,0,0,0,0.0,1403.9,1440.0,60.1,3,1,0,1,1,0,78544,112740250,1216,69172,64240,65535,78387,1420,61196979,1223940,62420919,59361070,12451,1868,16186,8093,DoS attacks-GoldenEye
80,6,15/02/2018 09:32:22,72891150,80812,1143,116994552,70258,1460,1420,1440.0,12.9,120,40,64.3,18.0,9573770,901.1,1043.6,900,48000,4,72745368,1043.6,900,48000,4,72745368,63662.8,900,48000,4,1,0,0,0,1616246,22853,878.0,17.1,40,1460,1412.5,87.3,7613.7,0,2,0,551,59064,0,0,0,0.0,1412.5,1440.0,58.8,3,1,0,1,1,0,80812,116994552,1143,70258,64240,65535,80650,1420,58569528,1171391,59740919,56812442,11569,1735,15040,7520,DoS attacks-GoldenEye
80,6,15/02/2018 09:32:24,74160611,81271,1237,115884361,80695,1460,1420,1440.0,13.2,120,40,57.6,18.0,10092903,931.6,1042.0,900,48000,4,74012290,1042.0,900,48000,4,74012290,59810.1,900,48000,4,1,0,0,0,1625421,24749,884.4,16.6,40,1460,1420.8,90.8,8252.2,0,2,0,552,61452,0,0,0,0.0,1420.8,1440.0,65.1,3,1,0,1,1,0,81271,115884361,1237,80695,64240,65535,81108,1420,56549307,1130986,57680293,54852828,10973,1646,14265,7133,DoS attacks-GoldenEye
8080,6,15/02/2018 09:32:26,76039755,80830,1149,117491164,64991,1460,1420,1440.0,12.8,120,40,66.6,18.0,9741112,931.3,1075.9,900,48000,4,75887675,1075.9,900,48000,4,75887675,66058.4,900,48000,4,1,0,0,0,1616606,22975,878.9,16.1,40,1460,1427.9,82.1,6740.7,0,2,0,553,57236,0,0,0,0.0,1427.9,1440.0,61.3,3,1,0,1,1,0,80830,117491164,1149,64991,64240,65535,80668,1420,58896064,1177921,60073985,57129182,13080,1962,17003,8502,DoS attacks-GoldenEye
80,6,15/02/2018 09:32:28,75007034,81342,1158,116240777,66090,1460,1420,1440.0,14.0,120,40,59.7,18.0,9753003,935.2,984.0,900,48000,4,74857020,984.0,900,48000,4,74857020,64622.1,900,48000,4,1,0,0,0,1626832,23167,894.3,15.7,40,1460,1416.9,90.5,8182.5,0,2,0,554,61143,0,0,0,0.0,1416.9,1440.0,63.7,3,1,0,1,1,0,81342,116240777,1158,66090,64240,65535,81178,1420,58013460,1160269,59173729,56273056,12611,1892,16394,8197,DoS attacks-GoldenEye
8080,6,15/02/2018 09:32:30,74210532,82524,1188,118506445,69957,1460,1420,1440.0,14.0,120,40,64.7,18.0,9762626,939.8,1043.2,900,48000,4,74062111,1043.2,900,48000,4,74062111,62359.3,900,48000,4,1,0,0,0,1650472,23753,903.1,16.2,40,1460,1418.2,84.5,7136.5,0,2,0,555,58127,0,0,0,0.0,1418.2,1440.0,65.9,3,1,0,1,1,0,82524,118506445,1188,69957,64240,65535,82358,1420,59082403,1181648,60264051,57309931,12897,1934,16766,8383,DoS attacks-GoldenEye
80,6,15/02/2018 09:32:32,74334237,81007,1211,117477915,78867,1460,1420,1440.0,10.5,120,40,62.7,18.0,9998700,919.2,1012.4,900,48000,4,74185569,1012.4,900,48000,4,74185569,61282.0,900,48000,4,1,0,0,0,1620143,24211,878.2,17.2,40,1460,1424.9,84.2,7090.5,0,2,0,556,62495,0,0,0,0.0,1424.9,1440.0,59.0,3,1,0,1,1,0,81007,117477915,1211,78867,64240,65535,80845,1420,56149338,1122987,57272324,54464857,12367,1855,16077,8039,DoS attacks-GoldenEye
80,6,15/02/2018 09:32:34,76785730,80346,1209,116626699,66059,1460,1420,1440.0,10.7,120,40,65.1,18.0,10048912,936.9,998.5,900,48000,4,76632158,998.5,900,48000,4,76632158,63368.2,900,48000,4,1,0,0,0,1606910,24186,930.9,16.4,40,1460,1423.7,83.9,7031.0,0,2,0,557,60592,0,0,0,0.0,1423.7,1440.0,61.2,3,1,0,1,1,0,80346,116626699,1209,66059,64240,65535,80184,1420,60783181,1215664,61998844,58959685,12015,1802,15619,7810,DoS attacks-GoldenEye
8080,6,15/02/2018 09:32:36,76512872,83964,1192,121849048,64536,1460,1420,1440.0,15.2,120,40,56.2,18.0,9964224,920.3,996.1,900,48000,4,76359846,996.1,900,48000,4,76359846,64074.2,900,48000,4,1,0,0,0,1679284,23834,883.0,17.0,40,1460,1425.4,88.7,7873.1,0,2,0,558,58811,0,0,0,0.0,1425.4,1440.0,57.1,3,1,0,1,1,0,83964,121849048,1192,64536,64240,65535,83796,1420,57208194,1144164,58352358,55491949,10981,1647,14275,7137,DoS attacks-GoldenEye
80,6,15/02/2018 09:32:38,74539287,80507,1227,114881219,66341,1460,1420,1440.0,11.9,120,40,62.1,18.0,9890886,899.0,1003.5,900,48000,4,74390208,1003.5,900,48000,4,74390208,60618.3,900,48000,4,1,0,0,0,1610138,24543,902.5,15.8,40,1460,1424.4,81.8,6684.4,0,2,0,559,59715,0,0,0,0.0,1424.4,1440.0,54.1,3,1,0,1,1,0,80507,114881219,1227,66341,64240,65535,80345,1420,56150142,1123003,57273145,54465638,10977,1647,14270,7135,DoS attacks-GoldenEye
8080,6,15/02/2018 09:32:40,77241925,81085,1171,117304810,71481,1460,1420,1440.0,12.5,120,40,56.3,18.0,10107269,915.2,1038.2,900,48000,4,77087441,1038.2,900,48000,4,77087441,65815.8,900,48000,4,1,0,0,0,1621691,23425,918.9,16.9,40,1460,1413.4,97.3,9469.2,0,2,0,560,59180,0,0,0,0.0,1413.4,1440.0,54.3,3,1,0,1,1,0,81085,117304810,1171,71481,64240,65535,80922,1420,61761235,1235225,62996460,59908398,11870,1780,15431,7715,DoS attacks-GoldenEye
8080,6,15/02/2018 09:32:42,76315474,84719,1273,122991432,79829,1460,1420,1440.0,13.6,120,40,55.6,18.0,9648902,906.9,999.8,900,48000,4,76162843,999.8,900,48000,4,76162843,59850.8,900,48000,4,1,0,0,0,1694382,25450,883.5,16.9,40,1460,1409.5,93.0,8654.6,0,2,0,561,60721,0,0,0,0.0,1409.5,1440.0,61.3,3,1,0,1,1,0,84719,122991432,1273,79829,64240,65535,84549,1420,59412145,1188243,60600388,57629780,12871,1931,16733,8366,DoS attacks-GoldenEye
8080,6,15/02/2018 09:32:44,75406691,85544,1194,123588890,66572,1460,1420,1440.0,11.2,120,40,63.2,18.0,10228407,944.9,1036.9,900,48000,4,75255877,1036.9,900,48000,4,75255877,63036.9,900,48000,4,1,0,0,0,1710876,23876,892.9,16.0,40,1460,1408.8,83.3,6933.0,0,2,0,562,62985,0,0,0,0.0,1408.8,1440.0,59.9,3,1,0,1,1,0,85544,123588890,1194,66572,64240,65535,85372,1420,57183204,1143664,58326868,55467708,12648,1897,16442,8221,DoS attacks-GoldenEye
80,6,15/02/2018 09:32:46,77020895,85222,1173,121907629,64604,1460,1420,1440.0,14.1,120,40,57.4,18.0,10296709,943.4,983.5,900,48000,4,76866853,983.5,900,48000,4,76866853,65529.5,900,48000,4,1,0,0,0,1704443,23460,922.8,16.7,40,1460,1424.6,87.2,7609.2,0,2,0,563,59668,0,0,0,0.0,1424.6,1440.0,64.1,3,1,0,1,1,0,85222,121907629,1173,64604,64240,65535,85051,1420,57991066,1159821,59150887,56251334,11168,1675,14519,7259,DoS attacks-GoldenEye
80,6,15/02/2018 09:32:48,78053407,83888,1237,120257895,70499,1460,1420,1440.0,12.9,120,40,58.5,18.0,9630576,912.3,1068.4,900,48000,4,77897300,1068.4,900,48000,4,77897300,62978.5,900,48000,4,1,0,0,0,1677764,24737,903.7,16.7,40,1460,1420.3,98.6,9718.9,0,2,0,564,62471,0,0,0,0.0,1420.3,1440.0,55.3,3,1,0,1,1,0,83888,120257895,1237,70499,64240,65535,83720,1420,56492485,1129850,57622335,54797710,10899,1635,14169,7084,DoS attacks-GoldenEye
80,6,15/02/2018 09:32:50,78330954,82209,1213,118880521,75367,1460,1420,1440.0,11.7,120,40,58.3,18.0,9394603,899.1,1015.5,900,48000,4,78174292,1015.5,900,48000,4,78174292,64463.1,900,48000,4,1,0,0,0,1644181,24253,891.6,17.2,40,1460,1413.8,99.1,9811.6,0,2,0,565,62528,0,0,0,0.0,1413.8,1440.0,58.4,3,1,0,1,1,0,82209,118880521,1213,75367,64240,65535,82044,1420,57387071,1147741,58534812,55665459,11462,1719,14900,7450,DoS attacks-GoldenEye
8080,6,15/02/2018 09:32:52,76418885,82669,1275,120173964,72744,1460,1420,1440.0,15.3,120,40,57.0,18.0,9904841,941.6,1003.1,900,48000,4,76266047,1003.1,900,48000,4,76266047,59833.4,900,48000,4,1,0,0,0,1653383,25492,920.0,16.5,40,1460,1420.3,86.0,7402.7,0,2,0,566,61129,0,0,0,0.0,1420.3,1440.0,59.5,3,1,0,1,1,0,82669,120173964,1275,72744,64240,65535,82503,1420,56125632,1122513,57248145,54441863,11400,1710,14820,7410,DoS attacks-GoldenEye
80,6,15/02/2018 09:32:54,75962740,86372,1303,124928890,76636,1460,1420,1440.0,15.4,120,40,65.6,18.0,9817583,916.1,980.1,900,48000,4,75810814,980.1,900,48000,4,75810814,58172.6,900,48000,4,1,0,0,0,1727435,26064,884.2,17.1,40,1460,1427.6,82.1,6737.8,0,2,0,567,61569,0,0,0,0.0,1427.6,1440.0,64.5,3,1,0,1,1,0,86372,124928890,1303,76636,64240,65535,86199,1420,57819431,1156389,58975820,56084848,13071,1961,16993,8496,DoS attacks-GoldenEye
8080,6,15/02/2018 09:32:56,78131003,88445,1288,127749191,83167,1460,1420,1440.0,15.5,120,40,61.2,18.0,9578220,919.4,1038.3,900,48000,4,77974741,1038.3,900,48000,4,77974741,60520.1,900,48000,4,1,0,0,0,1768892,25768,913.3,16.4,40,1460,1413.6,92.9,8638.3,0,2,0,568,61582,0,0,0,0.0,1413.6,1440.0,61.5,3,1,0,1,1,0,88445,127749191,1288,83167,64240,65535,88267,1420,56502404,1130048,57632452,54807331,12744,1912,16567,8283,DoS attacks-GoldenEye
80,6,15/02/2018 09:32:58,76330322,87336,1244,124731365,75725,1460,1420,1440.0,15.8,120,40,55.8,18.0,10037681,932.1,1061.8,900,48000,4,76177662,1061.8,900,48000,4,76177662,61219.6,900,48000,4,1,0,0,0,1746727,24886,918.6,16.0,40,1460,1408.9,82.3,6776.0,0,2,0,569,63390,0,0,0,0.0,1408.9,1440.0,55.8,3,1,0,1,1,0,87336,124731365,1244,75725,64240,65535,87161,1420,56348450,1126969,57475419,54657997,11086,1663,14412,7206,DoS attacks-GoldenEye
80,6,15/02/2018 09:33:00,76697895,88398,1222,128401762,68613,1460,1420,1440.0,14.1,120,40,62.6,18.0,9593575,920.1,983.8,900,48000,4,76544500,983.8,900,48000,4,76544500,62619.9,900,48000,4,1,0,0,0,1767956,24447,899.0,16.1,40,1460,1415.3,89.3,7972.6,0,2,0,570,59987,0,0,0,0.0,1415.3,1440.0,59.7,3,1,0,1,1,0,88398,128401762,1222,68613,64240,65535,88221,1420,57316888,1146338,58463225,55597381,12356,1853,16062,8031,DoS attacks-GoldenEye
80,6,15/02/2018 09:33:02,79629158,88487,1266,127045647,71350,1460,1420,1440.0,11.5,120,40,63.1,18.0,10073527,922.9,1075.3,900,48000,4,79469900,1075.3,900,48000,4,79469900,62777.8,900,48000,4,1,0,0,0,1769733,25317,932.8,17.2,40,1460,1413.7,93.0,8647.0,0,2,0,571,64231,0,0,0,0.0,1413.7,1440.0,59.6,3,1,0,1,1,0,88487,127045647,1266,71350,64240,65535,88309,1420,57443199,1148864,58592063,55719903,10925,1639,14202,7101,DoS attacks-GoldenEye
8080,6,15/02/2018 09:33:04,77517739,88651,1301,127310561,79447,1460,1420,1440.0,12.1,120,40,58.1,18.0,10318882,935.3,1000.5,900,48000,4,77362703,1000.5,900,48000,4,77362703,59469.4,900,48000,4,1,0,0,0,1773010,26017,931.8,17.2,40,1460,1405.1,97.8,9567.5,0,2,0,572,64074,0,0,0,0.0,1405.1,1440.0,61.3,3,1,0,1,1,0,88651,127310561,1301,79447,64240,65535,88473,1420,61290021,1225800,62515822,59451320,12381,1857,16096,8048,DoS attacks-GoldenEye
8080,6,15/02/2018 09:33:06,78680941,88752,1234,128609376,68476,1460,1420,1440.0,11.3,120,40,57.7,18.0,9730260,953.0,1020.7,900,48000,4,78523580,1020.7,900,48000,4,78523580,63627.0,900,48000,4,1,0,0,0,1775045,24682,912.4,16.0,40,1460,1415.7,89.1,7935.4,0,2,0,573,63399,0,0,0,0.0,1415.7,1440.0,60.0,3,1,0,1,1,0,88752,128609376,1234,68476,64240,65535,88574,1420,56271078,1125422,57396500,54582946,11963,1794,15552,7776,DoS attacks-GoldenEye
8080,6,15/02/2018 09:33:08,79463207,88207,1326,126095170,76753,1460,1420,1440.0,15.9,120,40,56.3,18.0,10053310,914.3,1043.0,900,48000,4,79304280,1043.0,900,48000,4,79304280,59806.8,900,48000,4,1,0,0,0,1764140,26520,937.7,17.3,40,1460,1429.0,91.3,8335.2,0,2,0,574,62073,0,0,0,0.0,1429.0,1440.0,63.2,3,1,0,1,1,0,88207,126095170,1326,76753,64240,65535,88030,1420,56234999,1124700,57359699,54547949,11187,1678,14543,7271,DoS attacks-GoldenEye
80,6,15/02/2018 09:33:10,80126913,86770,1240,124610903,71726,1460,1420,1440.0,10.8,120,40,67.2,18.0,10231144,931.5,1015.3,900,48000,4,79966660,1015.3,900,48000,4,79966660,64494.4,900,48000,4,1,0,0,0,1735402,24797,903.3,16.4,40,1460,1421.6,93.4,8728.6,0,2,0,575,61715,0,0,0,0.0,1421.6,1440.0,55.9,3,1,0,1,1,0,86770,124610903,1240,71726,64240,65535,86596,1420,59380833,1187617,60568450,57599408,11461,1719,14899,7449,DoS attacks-GoldenEye
8080,6,15/02/2018 09:33:12,80296038,87292,1343,124859988,79147,1460,1420,1440.0,13.9,120,40,63.4,18.0,10071693,936.3,981.6,900,48000,4,80135446,981.6,900,48000,4,80135446,59684.5,900,48000,4,1,0,0,0,1745832,26853,900.6,16.8,40,1460,1421.4,84.8,7198.8,0,2,0,576,59911,0,0,0,0.0,1421.4,1440.0,64.8,3,1,0,1,1,0,87292,124859988,1343,79147,64240,65535,87117,1420,61774922,1235498,63010420,59921674,11279,1692,14663,7331,DoS attacks-GoldenEye
80,6,15/02/2018 09:33:14,78322433,89119,1331,127480632,73380,1460,1420,1440.0,10.8,120,40,64.1,18.0,9877892,944.4,1051.2,900,48000,4,78165788,1051.2,900,48000,4,78165788,58746.0,900,48000,4,1,0,0,0,1782371,26611,929.2,17.7,40,1460,1426.1,84.4,7127.3,0,2,0,577,60670,0,0,0,0.0,1426.1,1440.0,64.4,3,1,0,1,1,0,89119,127480632,1331,73380,64240,65535,88940,1420,56604983,1132100,57737083,54906833,11082,1662,14407,7204,DoS attacks-GoldenEye
80,6,15/02/2018 09:33:16,79699634,87714,1280,126706614,70913,1460,1420,1440.0,15.1,120,40,66.0,18.0,10538315,927.7,1051.7,900,48000,4,79540235,1051.7,900,48000,4,79540235,62146.5,900,48000,4,1,0,0,0,1754277,25597,892.2,17.6,40,1460,1416.5,89.2,7958.6,0,2,0,578,65001,0,0,0,0.0,1416.5,1440.0,57.3,3,1,0,1,1,0,87714,126706614,1280,70913,64240,65535,87538,1420,60061210,1201224,61262434,58259374,11501,1725,14952,7476,DoS attacks-GoldenEye
80,6,15/02/2018 09:33:18,79593319,92529,1260,134190841,73757,1460,1420,1440.0,13.2,120,40,55.9,18.0,9705902,915.7,1024.2,900,48000,4,79434132,1024.2,900,48000,4,79434132,63023.2,900,48000,4,1,0,0,0,1850571,25207,929.3,17.4,40,1460,1416.6,87.3,7623.4,0,2,0,579,64576,0,0,0,0.0,1416.6,1440.0,61.8,3,1,0,1,1,0,92529,134190841,1260,73757,64240,65535,92343,1420,57983924,1159678,59143603,56244407,12998,1950,16897,8449,DoS attacks-GoldenEye
8080,6,15/02/2018 09:33:20,81279630,91159,1287,132403346,75243,1460,1420,1440.0,15.0,120,40,57.7,18.0,9848679,920.2,1002.5,900,48000,4,81117071,1002.5,900,48000,4,81117071,63048.6,900,48000,4,1,0,0,0,1823184,25731,920.8,17.5,40,1460,1406.7,83.8,7016.0,0,2,0,580,65211,0,0,0,0.0,1406.7,1440.0,64.3,3,1,0,1,1,0,91159,132403346,1287,75243,64240,65535,90976,1420,60080335,1201607,61281942,58277925,13042,1956,16954,8477,DoS attacks-GoldenEye
8080,6,15/02/2018 09:33:22,79522155,93169,1323,134153970,81179,1460,1420,1440.0,13.4,120,40,59.3,18.0,9748899,925.3,1053.8,900,48000,4,79363110,1053.8,900,48000,4,79363110,59968.7,900,48000,4,1,0,0,0,1863385,26468,925.2,17.1,40,1460,1428.6,96.9,9392.3,0,2,0,581,63630,0,0,0,0.0,1428.6,1440.0,61.3,3,1,0,1,1,0,93169,134153970,1323,81179,64240,65535,92982,1420,60278339,1205567,61483906,58469989,13076,1961,16999,8500,DoS attacks-GoldenEye
80,6,15/02/2018 09:33:24,80932988,92093,1276,133025285,79002,1460,1420,1440.0,15.1,120,40,66.2,18.0,10304136,942.2,1019.6,900,48000,4,80771122,1019.6,900,48000,4,80771122,63308.3,900,48000,4,1,0,0,0,1841860,25516,920.6,17.1,40,1460,1407.6,83.3,6936.0,0,2,0,582,62494,0,0,0,0.0,1407.6,1440.0,54.7,3,1,0,1,1,0,92093,133025285,1276,79002,64240,65535,91908,1420,56572815,1131456,57704271,54875630,12341,1851,16043,8022,DoS attacks-GoldenEye
80,6,15/02/2018 09:33:26,79904339,92641,1363,132796428,88460,1460,1420,1440.0,11.6,120,40,64.2,18.0,10373419,916.2,1051.2,900,48000,4,79744531,1051.2,900,48000,4,79744531,58492.0,900,48000,4,1,0,0,0,1852827,27266,901.9,16.2,40,1460,1419.7,98.8,9751.9,0,2,0,583,64946,0,0,0,0.0,1419.7,1440.0,57.7,3,1,0,1,1,0,92641,132796428,1363,88460,64240,65535,92456,1420,61510491,1230210,62740701,59665177,12109,1816,15741,7871,DoS attacks-GoldenEye
80,6,15/02/2018 09:33:28,81626800,94217,1310,136116116,86096,1460,1420,1440.0,13.2,120,40,57.3,18.0,10189873,937.3,981.9,900,48000,4,81463547,981.9,900,48000,4,81463547,62204.8,900,48000,4,1,0,0,0,1884330,26192,894.5,17.6,40,1460,1405.2,99.8,9961.4,0,2,0,584,65888,0,0,0,0.0,1405.2,1440.0,55.4,3,1,0,1,1,0,94217,136116116,1310,86096,64240,65535,94028,1420,60862022,1217240,62079262,59036161,12085,1813,15710,7855,DoS attacks-GoldenEye
80,6,15/02/2018 09:33:30,81033418,95177,1368,137690032,83194,1460,1420,1440.0,11.5,120,40,55.8,18.0,10737263,918.5,1027.6,900,48000,4,80871351,1027.6,900,48000,4,80871351,59116.1,900,48000,4,1,0,0,0,1903538,27360,923.1,16.6,40,1460,1405.4,86.1,7418.4,0,2,0,585,61067,0,0,0,0.0,1405.4,1440.0,62.2,3,1,0,1,1,0,95177,137690032,1368,83194,64240,65535,94986,1420,60844610,1216892,62061503,59019272,12903,1935,16774,8387,DoS attacks-GoldenEye
8080,6,15/02/2018 09:33:32,82067256,91589,1331,130715849,87098,1460,1420,1440.0,10.7,120,40,66.3,18.0,10561253,933.0,1006.1,900,48000,4,81903122,1006.1,900,48000,4,81903122,61546.7,900,48000,4,1,0,0,0,1831774,26614,937.6,16.9,40,1460,1413.2,98.2,9647.3,0,2,0,586,64766,0,0,0,0.0,1413.2,1440.0,61.5,3,1,0,1,1,0,91589,130715849,1331,87098,64240,65535,91405,1420,57793198,1155864,58949062,56059402,11597,1740,15076,7538,DoS attacks-GoldenEye
80,6,15/02/2018 09:33:34,81127438,95359,1340,137190857,86016,1460,1420,1440.0,13.8,120,40,61.0,18.0,10561274,915.1,995.4,900,48000,4,80965183,995.4,900,48000,4,80965183,60401.2,900,48000,4,1,0,0,0,1907181,26809,921.4,17.3,40,1460,1405.6,87.9,7728.9,0,2,0,587,64613,0,0,0,0.0,1405.6,1440.0,58.6,3,1,0,1,1,0,95359,137190857,1340,86016,64240,65535,95168,1420,56997273,1139945,58137218,55287355,11437,1716,14869,7434,DoS attacks-GoldenEye
80,6,15/02/2018 09:33:36,80002762,95065,1347,136996212,82648,1460,1420,1440.0,12.9,120,40,57.9,18.0,10074902,935.3,1029.3,900,48000,4,79842756,1029.3,900,48000,4,79842756,59290.6,900,48000,4,1,0,0,0,1901297,26932,897.1,17.5,40,1460,1400.6,96.1,9237.2,0,2,0,588,63910,0,0,0,0.0,1400.6,1440.0,56.3,3,1,0,1,1,0,95065,136996212,1347,82648,64240,65535,94874,1420,59850173,1197003,61047177,58054668,11805,1771,15347,7674,DoS attacks-GoldenEye
80,6,15/02/2018 09:33:38,83193092,95698,1391,136809105,78210,1460,1420,1440.0,12.1,120,40,65.7,18.0,10110710,960.0,973.6,900,48000,4,83026706,973.6,900,48000,4,83026706,59677.0,900,48000,4,1,0,0,0,1913952,27825,911.9,16.6,40,1460,1413.3,84.6,7156.8,0,2,0,589,64750,0,0,0,0.0,1413.3,1440.0,59.1,3,1,0,1,1,0,95698,136809105,1391,78210,64240,65535,95506,1420,61453730,1229075,62682805,59610118,11096,1664,14425,7212,DoS attacks-GoldenEye
80,6,15/02/2018 09:33:40,80618007,95114,1393,136220587,79603,1460,1420,1440.0,12.1,120,40,64.2,18.0,10586260,923.5,1033.3,900,48000,4,80456771,1033.3,900,48000,4,80456771,57746.3,900,48000,4,1,0,0,0,1902277,27865,939.6,16.7,40,1460,1405.4,91.8,8422.7,0,2,0,590,62840,0,0,0,0.0,1405.4,1440.0,58.0,3,1,0,1,1,0,95114,136220587,1393,79603,64240,65535,94923,1420,61727011,1234540,62961551,59875200,11097,1665,14426,7213,DoS attacks-GoldenEye
80,6,15/02/2018 09:33:42,82575145,98504,1333,142643674,76242,1460,1420,1440.0,14.5,120,40,57.8,18.0,10785665,963.3,979.3,900,48000,4,82409994,979.3,900,48000,4,82409994,61806.1,900,48000,4,1,0,0,0,1970070,26667,944.0,16.5,40,1460,1412.9,93.6,8764.6,0,2,0,591,61646,0,0,0,0.0,1412.9,1440.0,58.6,3,1,0,1,1,0,98504,142643674,1333,76242,64240,65535,98306,1420,60730299,1214606,61944905,58908390,12011,1802,15614,7807,DoS attacks-GoldenEye
80,6,15/02/2018 09:33:44,82458658,94041,1304,135702682,79980,1460,1420,1440.0,15.8,120,40,62.6,18.0,10369201,909.1,974.9,900,48000,4,82293741,974.9,900,48000,4,82293741,63126.6,900,48000,4,1,0,0,0,1880823,26072,935.3,16.9,40,1460,1418.1,83.2,6914.8,0,2,0,592,63991,0,0,0,0.0,1418.1,1440.0,57.7,3,1,0,1,1,0,94041,135702682,1304,79980,64240,65535,93853,1420,58477623,1169552,59647176,56723294,12693,1904,16500,8250,DoS attacks-GoldenEye
80,6,15/02/2018 09:33:46,81163721,99396,1374,141906294,87000,1460,1420,1440.0,11.7,120,40,66.5,18.0,10089477,927.5,984.8,900,48000,4,81001394,984.8,900,48000,4,81001394,58935.0,900,48000,4,1,0,0,0,1987917,27488,933.2,17.4,40,1460,1422.8,91.1,8294.7,0,2,0,593,66205,0,0,0,0.0,1422.8,1440.0,58.3,3,1,0,1,1,0,99396,141906294,1374,87000,64240,65535,99197,1420,61288987,1225780,62514767,59450317,12999,1950,16898,8449,DoS attacks-GoldenEye
8080,6,15/02/2018 09:33:48,82766775,99311,1319,142351878,79805,1460,1420,1440.0,13.5,120,40,62.8,18.0,10030028,934.9,1038.5,900,48000,4,82601241,1038.5,900,48000,4,82601241,62614.6,900,48000,4,1,0,0,0,1986219,26384,913.4,18.1,40,1460,1425.2,91.7,8408.4,0,2,0,594,66615,0,0,0,0.0,1425.2,1440.0,64.3,3,1,0,1,1,0,99311,142351878,1319,79805,64240,65535,99112,1420,57528476,1150570,58679045,55802622,11751,1763,15276,7638,DoS attacks-GoldenEye
80,6,15/02/2018 09:33:50,82683112,97707,1323,139472661,79765,1460,1420,1440.0,13.0,120,40,57.5,18.0,10265810,962.3,1027.2,900,48000,4,82517745,1027.2,900,48000,4,82517745,62350.9,900,48000,4,1,0,0,0,1954144,26468,901.9,17.8,40,1460,1426.0,94.9,9006.9,0,2,0,595,64143,0,0,0,0.0,1426.0,1440.0,59.4,3,1,0,1,1,0,97707,139472661,1323,79765,64240,65535,97511,1420,57576013,1151520,58727533,55848733,12166,1825,15816,7908,DoS attacks-GoldenEye
80,6,15/02/2018 09:33:52,83117210,96458,1431,138156416,90144,1460,1420,1440.0,12.3,120,40,56.0,18.0,10087821,933.6,1054.1,900,48000,4,82950976,1054.1,900,48000,4,82950976,57973.9,900,48000,4,1,0,0,0,1929156,28616,946.9,18.0,40,1460,1424.8,87.5,7659.5,0,2,0,596,66735,0,0,0,0.0,1424.8,1440.0,55.8,3,1,0,1,1,0,96458,138156416,1431,90144,64240,65535,96264,1420,59750368,1195007,60945375,57957857,12108,1816,15740,7870,DoS attacks-GoldenEye
8080,6,15/02/2018 09:33:54,83055261,100811,1323,144127030,72055,1460,1420,1440.0,15.1,120,40,62.6,18.0,10399261,931.8,1054.6,900,48000,4,82889151,1054.6,900,48000,4,82889151,62647.5,900,48000,4,1,0,0,0,2016225,26462,926.4,17.5,40,1460,1419.2,100.1,10022.5,0,2,0,597,63294,0,0,0,0.0,1419.2,1440.0,60.6,3,1,0,1,1,0,100811,144127030,1323,72055,64240,65535,100609,1420,61098854,1221977,62320832,59265889,12487,1873,16233,8117,DoS attacks-GoldenEye
80,6,15/02/2018 09:33:56,82728643,102414,1404,146334377,84335,1460,1420,1440.0,11.2,120,40,59.3,18.0,10522021,938.2,1043.9,900,48000,4,82563185,1043.9,900,48000,4,82563185,58788.0,900,48000,4,1,0,0,0,2048286,28088,935.7,17.0,40,1460,1414.3,89.0,7917.9,0,2,0,598,66800,0,0,0,0.0,1414.3,1440.0,61.2,3,1,0,1,1,0,102414,146334377,1404,84335,64240,65535,102209,1420,60500493,1210010,61710503,58685479,13078,1962,17001,8501,DoS attacks-GoldenEye
80,6,15/02/2018 09:33:58,82545519,101892,1342,147595389,87528,1460,1420,1440.0,11.2,120,40,60.3,18.0,10237220,963.9,993.6,900,48000,4,82380428,993.6,900,48000,4,82380428,61381.0,900,48000,4,1,0,0,0,2037836,26842,911.7,16.5,40,1460,1412.1,90.5,8197.8,0,2,0,599,64067,0,0,0,0.0,1412.1,1440.0,55.4,3,1,0,1,1,0,101892,147595389,1342,87528,64240,65535,101688,1420,60661580,1213232,61874811,58841732,12662,1899,16460,8230,DoS attacks-GoldenEye
80,6,15/02/2018 09:34:00,83577199,102489,1361,146407590,78379,1460,1420,1440.0,13.0,120,40,56.6,18.0,10525696,928.5,1004.6,900,48000,4,83410045,1004.6,900,48000,4,83410045,61278.2,900,48000,4,1,0,0,0,2049788,27223,930.2,17.7,40,1460,1414.1,93.2,8678.5,0,2,0,600,65956,0,0,0,0.0,1414.1,1440.0,55.6,3,1,0,1,1,0,102489,146407590,1361,78379,64240,65535,102284,1420,59879107,1197582,61076689,58082734,12306,1846,15997,7999,DoS attacks-GoldenEye
80,6,15/02/2018 09:34:02,83495560,103275,1338,147309526,86332,1460,1420,1440.0,11.2,120,40,57.6,18.0,10472655,943.4,1014.2,900,48000,4,83328569,1014.2,900,48000,4,83328569,62284.5,900,48000,4,1,0,0,0,2065498,26757,923.9,16.9,40,1460,1413.5,95.1,9044.3,0,2,0,601,63109,0,0,0,0.0,1413.5,1440.0,63.9,3,1,0,1,1,0,103275,147309526,1338,86332,64240,65535,103068,1420,58525012,1170500,59695512,56769262,12896,1934,16765,8382,DoS attacks-GoldenEye
80,6,15/02/2018 09:34:04,85492483,98423,1353,142645700,76585,1460,1420,1440.0,13.1,120,40,60.3,18.0,10129094,952.4,1061.3,900,48000,4,85321498,1061.3,900,48000,4,85321498,63049.6,900,48000,4,1,0,0,0,1968466,27064,908.7,17.9,40,1460,1413.3,93.8,8789.1,0,2,0,602,68772,0,0,0,0.0,1413.3,1440.0,61.1,3,1,0,1,1,0,98423,142645700,1353,76585,64240,65535,98226,1420,61808060,1236161,63044221,59953818,10995,1649,14294,7147,DoS attacks-GoldenEye
80,6,15/02/2018 09:34:06,86045598,100635,1400,144976016,79510,1460,1420,1440.0,15.3,120,40,55.9,18.0,11013043,956.4,1034.4,900,48000,4,85873507,1034.4,900,48000,4,85873507,61329.3,900,48000,4,1,0,0,0,2012705,28004,939.3,17.4,40,1460,1425.3,89.7,8055.0,0,2,0,603,64580,0,0,0,0.0,1425.3,1440.0,54.6,3,1,0,1,1,0,100635,144976016,1400,79510,64240,65535,100433,1420,61760486,1235210,62995695,59907671,12760,1914,16588,8294,DoS attacks-GoldenEye
80,6,15/02/2018 09:34:08,85243458,99314,1451,142221114,91411,1460,1420,1440.0,12.4,120,40,57.4,18.0,10938098,963.2,1068.3,900,48000,4,85072971,1068.3,900,48000,4,85072971,58619.7,900,48000,4,1,0,0,0,1986274,29025,928.5,17.3,40,1460,1403.6,90.4,8166.8,0,2,0,604,67146,0,0,0,0.0,1403.6,1440.0,59.9,3,1,0,1,1,0,99314,142221114,1451,91411,64240,65535,99115,1420,57232441,1144649,58377090,55515468,13192,1979,17149,8575,DoS attacks-GoldenEye
80,6,15/02/2018 09:34:10,85905933,101219,1435,145295611,81725,1460,1420,1440.0,16.1,120,40,60.0,18.0,10799465,964.3,1037.1,900,48000,4,85734121,1037.1,900,48000,4,85734121,59761.6,900,48000,4,1,0,0,0,2024384,28692,900.6,17.0,40,1460,1414.3,99.1,9814.8,0,2,0,605,65424,0,0,0,0.0,1414.3,1440.0,55.5,3,1,0,1,1,0,101219,145295611,1435,81725,64240,65535,101016,1420,56152207,1123044,57275251,54467641,12589,1888,16366,8183,DoS attacks-GoldenEye
8080,6,15/02/2018 09:34:12,84622331,103182,1469,147552440,93434,1460,1420,1440.0,14.3,120,40,57.2,18.0,10314920,937.8,970.6,900,48000,4,84453086,970.6,900,48000,4,84453086,57493.2,900,48000,4,1,0,0,0,2063641,29378,925.9,18.2,40,1460,1407.0,99.0,9794.8,0,2,0,606,65198,0,0,0,0.0,1407.0,1440.0,65.0,3,1,0,1,1,0,103182,147552440,1469,93434,64240,65535,102975,1420,57520065,1150401,58670466,55794463,11771,1766,15302,7651,DoS attacks-GoldenEye
80,6,15/02/2018 09:34:14,86662194,104340,1339,151410738,72659,1460,1420,1440.0,12.0,120,40,55.6,18.0,10425222,947.2,967.3,900,48000,4,86488870,967.3,900,48000,4,86488870,64613.9,900,48000,4,1,0,0,0,2086808,26770,950.8,16.8,40,1460,1412.6,98.1,9629.4,0,2,0,607,67170,0,0,0,0.0,1412.6,1440.0,62.1,3,1,0,1,1,0,104340,151410738,1339,72659,64240,65535,104131,1420,57070737,1141415,58212152,55358615,11081,1662,14405,7203,DoS attacks-GoldenEye
80,6,15/02/2018 09:34:16,86639054,103052,1433,149165241,85351,1460,1420,1440.0,11.1,120,40,59.0,18.0,10402822,930.1,1022.4,900,48000,4,86465776,1022.4,900,48000,4,86465776,60353.1,900,48000,4,1,0,0,0,2061035,28653,918.5,18.0,40,1460,1427.4,99.5,9893.8,0,2,0,608,69407,0,0,0,0.0,1427.4,1440.0,62.5,3,1,0,1,1,0,103052,149165241,1433,85351,64240,65535,102845,1420,57918384,1158368,59076752,56180833,11607,1741,15089,7544,DoS attacks-GoldenEye
8080,6,15/02/2018 09:34:18,84531361,101698,1414,145961339,81280,1460,1420,1440.0,12.2,120,40,56.2,18.0,10542711,918.7,1032.9,900,48000,4,84362299,1032.9,900,48000,4,84362299,59645.9,900,48000,4,1,0,0,0,2033956,28287,922.6,18.4,40,1460,1426.5,95.4,9095.7,0,2,0,609,63769,0,0,0,0.0,1426.5,1440.0,56.5,3,1,0,1,1,0,101698,145961339,1414,81280,64240,65535,101494,1420,61162402,1223248,62385651,59327530,11334,1700,14734,7367,DoS attacks-GoldenEye
8080,6,15/02/2018 09:34:20,86613440,102370,1478,147051672,81009,1460,1420,1440.0,12.1,120,40,60.1,18.0,11025690,962.8,1060.6,900,48000,4,86440213,1060.6,900,48000,4,86440213,58472.5,900,48000,4,1,0,0,0,2047400,29566,925.5,17.1,40,1460,1411.3,88.4,7816.4,0,2,0,610,68596,0,0,0,0.0,1411.3,1440.0,55.1,3,1,0,1,1,0,102370,147051672,1478,81009,64240,65535,102165,1420,58154566,1163091,59317658,56409929,12030,1804,15639,7819,DoS attacks-GoldenEye
80,6,15/02/2018 09:34:22,86031374,107739,1452,155842590,84695,1460,1420,1440.0,15.1,120,40,64.0,18.0,11238655,921.1,1052.5,900,48000,4,85859311,1052.5,900,48000,4,85859311,59145.2,900,48000,4,1,0,0,0,2154785,29033,940.7,18.1,40,1460,1420.2,92.4,8542.2,0,2,0,611,63779,0,0,0,0.0,1420.2,1440.0,65.8,3,1,0,1,1,0,107739,155842590,1452,84695,64240,65535,107523,1420,57965402,1159308,59124710,56226440,12766,1915,16596,8298,DoS attacks-GoldenEye
80,6,15/02/2018 09:34:24,85899802,108978,1441,157400870,77857,1460,1420,1440.0,14.1,120,40,56.3,18.0,11210800,932.8,986.8,900,48000,4,85728002,986.8,900,48000,4,85728002,59505.5,900,48000,4,1,0,0,0,2179555,28813,930.1,17.3,40,1460,1402.6,83.5,6973.9,0,2,0,612,63749,0,0,0,0.0,1402.6,1440.0,61.0,3,1,0,1,1,0,108978,157400870,1441,77857,64240,65535,108759,1420,57013569,1140271,58153841,55303162,12838,1926,16689,8345,DoS attacks-GoldenEye
80,6,15/02/2018 09:34:26,85594834,106724,1363,154455332,76210,1460,1420,1440.0,11.5,120,40,59.6,18.0,11182243,919.7,983.6,900,48000,4,85423644,983.6,900,48000,4,85423644,62679.4,900,48000,4,1,0,0,0,2134480,27257,958.8,18.4,40,1460,1403.5,86.9,7554.6,0,2,0,613,67423,0,0,0,0.0,1403.5,1440.0,64.3,3,1,0,1,1,0,106724,154455332,1363,76210,64240,65535,106510,1420,58178313,1163566,59341879,56432964,11443,1716,14876,7438,DoS attacks-GoldenEye
8080,6,15/02/2018 09:34:28,87020511,104587,1477,150787683,85545,1460,1420,1440.0,16.0,120,40,59.4,18.0,11069357,974.4,1030.1,900,48000,4,86846470,1030.1,900,48000,4,86846470,58813.1,900,48000,4,1,0,0,0,2091745,29533,948.0,17.2,40,1460,1415.4,88.3,7791.7,0,2,0,614,64958,0,0,0,0.0,1415.4,1440.0,64.5,3,1,0,1,1,0,104587,150787683,1477,85545,64240,65535,104378,1420,58134285,1162686,59296971,56390257,11329,1699,14728,7364,DoS attacks-GoldenEye
80,6,15/02/2018 09:34:30,88215320,110103,1423,158143466,87666,1460,1420,1440.0,14.0,120,40,59.0,18.0,11245196,963.4,1008.1,900,48000,4,88038889,1008.1,900,48000,4,88038889,61887.0,900,48000,4,1,0,0,0,2202063,28451,961.2,18.4,40,1460,1417.4,88.8,7883.2,0,2,0,615,65066,0,0,0,0.0,1417.4,1440.0,62.2,3,1,0,1,1,0,110103,158143466,1423,87666,64240,65535,109882,1420,57440722,1148814,58589536,55717500,11701,1755,15211,7606,DoS attacks-GoldenEye
80,6,15/02/2018 09:34:32,85681441,108886,1374,158247470,89712,1460,1420,1440.0,12.2,120,40,61.6,18.0,10682280,963.2,1058.2,900,48000,4,85510079,1058.2,900,48000,4,85510079,62230.7,900,48000,4,1,0,0,0,2177725,27481,959.7,17.7,40,1460,1403.7,100.9,10172.2,0,2,0,616,64556,0,0,0,0.0,1403.7,1440.0,56.9,3,1,0,1,1,0,108886,158247470,1374,89712,64240,65535,108668,1420,59804906,1196098,61001004,58010759,11396,1709,14815,7408,DoS attacks-GoldenEye
80,6,15/02/2018 09:34:34,86958806,108841,1492,155418908,84532,1460,1420,1440.0,13.8,120,40,65.7,18.0,11343651,954.3,1032.6,900,48000,4,86784888,1032.6,900,48000,4,86784888,58175.4,900,48000,4,1,0,0,0,2176828,29835,930.5,18.6,40,1460,1425.0,89.7,8047.8,0,2,0,617,67476,0,0,0,0.0,1425.0,1440.0,64.8,3,1,0,1,1,0,108841,155418908,1492,84532,64240,65535,108623,1420,60945030,1218901,62163931,59116680,11128,1669,14466,7233,DoS attacks-GoldenEye
80,6,15/02/2018 09:34:36,88100581,106809,1441,153243605,93535,1460,1420,1440.0,12.2,120,40,59.7,18.0,10437458,950.5,1034.0,900,48000,4,87924380,1034.0,900,48000,4,87924380,61026.6,900,48000,4,1,0,0,0,2136181,28815,962.4,17.7,40,1460,1399.8,99.2,9841.8,0,2,0,618,70188,0,0,0,0.0,1399.8,1440.0,60.5,3,1,0,1,1,0,106809,153243605,1441,93535,64240,65535,106595,1420,60780620,1215612,61996232,58957201,11606,1741,15088,7544,DoS attacks-GoldenEye
8080,6,15/02/2018 09:34:38,87077372,112621,1516,163210437,91712,1460,1420,1440.0,12.7,120,40,60.7,18.0,10553284,927.1,1040.2,900,48000,4,86903218,1040.2,900,48000,4,86903218,57319.4,900,48000,4,1,0,0,0,2252418,30322,940.5,18.2,40,1460,1403.0,85.1,7244.4,0,2,0,619,65533,0,0,0,0.0,1403.0,1440.0,64.9,3,1,0,1,1,0,112621,163210437,1516,91712,64240,65535,112395,1420,57986004,1159720,59145724,56246424,11205,1681,14566,7283,DoS attacks-GoldenEye
80,6,15/02/2018 09:34:40,87615791,112093,1395,162441340,88528,1460,1420,1440.0,11.3,120,40,56.6,18.0,10913300,965.1,1048.5,900,48000,4,87440560,1048.5,900,48000,4,87440560,62661.2,900,48000,4,1,0,0,0,2241858,27908,912.9,17.0,40,1460,1415.1,96.5,9313.3,0,2,0,620,67568,0,0,0,0.0,1415.1,1440.0,64.6,3,1,0,1,1,0,112093,162441340,1395,88528,64240,65535,111868,1420,61471191,1229424,62700615,59627056,11099,1665,14428,7214,DoS attacks-GoldenEye
8080,6,15/02/2018 09:34:42,89700107,109978,1484,158246089,87256,1460,1420,1440.0,16.6,120,40,67.7,18.0,10464839,960.0,1060.2,900,48000,4,89520707,1060.2,900,48000,4,89520707,60337.2,900,48000,4,1,0,0,0,2199567,29673,959.5,17.9,40,1460,1412.2,89.0,7912.4,0,2,0,621,69198,0,0,0,0.0,1412.2,1440.0,57.1,3,1,0,1,1,0,109978,158246089,1484,87256,64240,65535,109758,1420,56490289,1129806,57620095,54795581,11817,1772,15361,7681,DoS attacks-GoldenEye
80,6,15/02/2018 09:34:44,89494418,108669,1409,156302178,89489,1460,1420,1440.0,14.9,120,40,61.9,18.0,10673442,962.1,1005.3,900,48000,4,89315429,1005.3,900,48000,4,89315429,63400.8,900,48000,4,1,0,0,0,2173371,28174,919.7,18.3,40,1460,1411.9,89.4,7997.3,0,2,0,622,66415,0,0,0,0.0,1411.9,1440.0,66.0,3,1,0,1,1,0,108669,156302178,1409,89489,64240,65535,108451,1420,56759339,1135187,57894525,55056559,11449,1717,14884,7442,DoS attacks-GoldenEye
80,6,15/02/2018 09:34:46,88044003,111821,1507,162526688,90427,1460,1420,1440.0,14.6,120,40,56.5,18.0,10851357,973.3,1038.6,900,48000,4,87867915,1038.6,900,48000,4,87867915,58320.0,900,48000,4,1,0,0,0,2236413,30133,910.5,17.1,40,1460,1418.7,92.8,8608.5,0,2,0,623,70855,0,0,0,0.0,1418.7,1440.0,59.8,3,1,0,1,1,0,111821,162526688,1507,90427,64240,65535,111597,1420,57724269,1154485,58878754,55992541,11491,1724,14939,7469,DoS attacks-GoldenEye
80,6,15/02/2018 09:34:48,89318827,111164,1483,159283155,82099,1460,1420,1440.0,14.4,120,40,61.1,18.0,11002439,960.4,1025.3,900,48000,4,89140190,1025.3,900,48000,4,89140190,60106.4,900,48000,4,1,0,0,0,2223288,29660,960.1,17.1,40,1460,1414.9,94.7,8966.9,0,2,0,624,70205,0,0,0,0.0,1414.9,1440.0,55.7,3,1,0,1,1,0,111164,159283155,1483,82099,64240,65535,110942,1420,60207297,1204146,61411443,58401078,10967,1645,14257,7129,DoS attacks-GoldenEye
80,6,15/02/2018 09:34:50,87821850,113779,1475,164190999,89666,1460,1420,1440.0,11.4,120,40,57.0,18.0,10764415,979.1,1052.8,900,48000,4,87646206,1052.8,900,48000,4,87646206,59413.4,900,48000,4,1,0,0,0,2275588,29503,919.8,18.3,40,1460,1413.5,94.7,8970.7,0,2,0,625,69554,0,0,0,0.0,1413.5,1440.0,60.1,3,1,0,1,1,0,113779,164190999,1475,89666,64240,65535,113551,1420,60581472,1211629,61793102,58764028,12226,1834,15893,7947,DoS attacks-GoldenEye
80,6,15/02/2018 09:34:52,88043819,111053,1521,160334472,92359,1460,1420,1440.0,13.5,120,40,57.5,18.0,10710080,974.0,1041.6,900,48000,4,87867731,1041.6,900,48000,4,87867731,57785.3,900,48000,4,1,0,0,0,2221050,30411,932.2,18.3,40,1460,1408.8,100.8,10169.8,0,2,0,626,70373,0,0,0,0.0,1408.8,1440.0,57.5,3,1,0,1,1,0,111053,160334472,1521,92359,64240,65535,110830,1420,61051684,1221034,62272718,59220133,10928,1639,14206,7103,DoS attacks-GoldenEye
8080,6,15/02/2018 09:34:54,89209216,113836,1441,163092232,87389,1460,1420,1440.0,12.3,120,40,67.5,18.0,11387670,940.6,972.8,900,48000,4,89030797,972.8,900,48000,4,89030797,61780.4,900,48000,4,1,0,0,0,2276727,28821,923.0,17.3,40,1460,1424.2,94.9,9013.4,0,2,0,627,69275,0,0,0,0.0,1424.2,1440.0,58.5,3,1,0,1,1,0,113836,163092232,1441,87389,64240,65535,113608,1420,59208674,1184173,60392848,57432414,13092,1964,17020,8510,DoS attacks-GoldenEye
80,6,15/02/2018 09:34:56,87996987,112758,1445,162355929,91174,1460,1420,1440.0,12.6,120,40,58.3,18.0,10939877,947.8,1026.3,900,48000,4,87820993,1026.3,900,48000,4,87820993,60760.8,900,48000,4,1,0,0,0,2255164,28907,934.7,17.7,40,1460,1420.9,97.7,9547.2,0,2,0,628,67666,0,0,0,0.0,1420.9,1440.0,54.1,3,1,0,1,1,0,112758,162355929,1445,91174,64240,65535,112532,1420,58808751,1176175,59984926,57044489,11185,1678,14540,7270,DoS attacks-GoldenEye
8080,6,15/02/2018 09:34:58,88065587,110947,1532,158864914,100561,1460,1420,1440.0,16.4,120,40,62.9,18.0,11161224,955.7,1041.6,900,48000,4,87889456,1041.6,900,48000,4,87889456,57381.6,900,48000,4,1,0,0,0,2218934,30633,931.3,18.6,40,1460,1415.5,99.1,9825.7,0,2,0,629,70819,0,0,0,0.0,1415.5,1440.0,65.4,3,1,0,1,1,0,110947,158864914,1532,100561,64240,65535,110724,1420,61114159,1222283,62336443,59280735,12948,1942,16832,8416,DoS attacks-GoldenEye
443,6,28/02/2018 11:00:00,29908057,3268,317,4602631,41595,1460,1200,1414.6,113.7,240,40,123.2,44.0,159255,92.7,10420.8,24000,880000,20,29788425,9116.3,24000,880000,20,29788425,93946.5,24000,880000,20,1,0,0,0,65351,6341,79.6,10.5,40,1460,1238.7,473.5,224174.0,1,4,0,210,3080,0,0,0,0.1,1238.7,1414.6,123.2,2,1,0,1,1,0,3268,4602631,317,41595,64240,1024,3202,1200,9284698,800000,12348649,6127901,2071223,300000,2754727,1367007,Infiltration
8443,6,28/02/2018 11:00:02,30049560,3286,307,4564731,39505,1460,1200,1418.6,108.9,240,40,119.3,44.0,155507,87.7,10662.2,24000,880000,20,29929361,9108.5,24000,880000,20,29929361,97343.1,24000,880000,20,1,0,0,0,65717,6149,79.2,10.5,40,1460,1255.8,420.5,176802.9,1,4,0,212,3178,0,0,0,0.1,1255.8,1418.6,119.3,2,1,0,1,1,0,3286,4564731,307,39505,64240,1024,3220,1200,8824184,800000,11736164,5823961,2166547,300000,2881508,1429921,Infiltration
443,6,28/02/2018 11:00:04,30722991,3247,323,4512649,36455,1460,1200,1413.9,104.3,240,40,130.0,44.0,155560,92.3,10636.3,24000,880000,20,30600099,9424.2,24000,880000,20,30600099,94622.7,24000,880000,20,1,0,0,0,64939,6467,78.3,9.9,40,1460,1253.0,452.1,204400.8,1,4,0,214,2989,0,0,0,0.1,1253.0,1413.9,130.0,2,1,0,1,1,0,3247,4512649,323,36455,64240,1024,3182,1200,8911534,800000,11852340,5881612,2020220,300000,2686893,1333345,Infiltration
8443,6,28/02/2018 11:00:06,30825854,3273,332,4653948,40610,1460,1200,1414.2,94.6,240,40,126.3,44.0,160921,91.8,10557.7,24000,880000,20,30702551,9381.2,24000,880000,20,30702551,92363.2,24000,880000,20,1,0,0,0,65455,6648,80.2,10.3,40,1460,1282.2,405.2,164226.2,1,4,0,216,3151,0,0,0,0.1,1282.2,1414.2,126.3,2,1,0,1,1,0,3273,4653948,332,40610,64240,1024,3207,1200,9095382,800000,12096858,6002952,2170896,300000,2887292,1432792,Infiltration
443,6,28/02/2018 11:00:08,30061187,3386,331,4670778,43184,1460,1200,1395.5,108.6,240,40,130.5,44.0,156135,88.3,10771.4,24000,880000,20,29940942,8843.2,24000,880000,20,29940942,90395.3,24000,880000,20,1,0,0,0,67715,6624,79.1,9.8,40,1460,1280.9,440.5,194031.5,1,4,0,218,3148,0,0,0,0.1,1280.9,1395.5,130.5,2,1,0,1,1,0,3386,4670778,331,43184,64240,1024,3318,1200,8669352,800000,11530238,5721772,2022707,300000,2690200,1334987,Infiltration
443,6,28/02/2018 11:00:10,29782028,3434,315,4799160,40923,1460,1200,1397.6,86.5,240,40,132.8,44.0,160158,88.9,10907.5,24000,880000,20,29662899,8637.6,24000,880000,20,29662899,94093.8,24000,880000,20,1,0,0,0,68683,6304,82.6,10.0,40,1460,1257.4,448.1,200835.6,1,4,0,220,3019,0,0,0,0.1,1257.4,1397.6,132.8,2,1,0,1,1,0,3434,4799160,315,40923,64240,1024,3365,1200,9236682,800000,12284787,6096210,2256435,300000,3001059,1489247,Infiltration
443,6,28/02/2018 11:00:12,30826354,3509,338,4980242,40111,1460,1200,1412.1,114.0,240,40,129.1,44.0,155832,90.1,10108.3,24000,880000,20,30703049,8749.7,24000,880000,20,30703049,90951.8,24000,880000,20,1,0,0,0,70180,6751,79.1,10.6,40,1460,1250.6,439.1,192846.8,1,4,0,222,3085,0,0,0,0.1,1250.6,1412.1,129.1,2,1,0,1,1,0,3509,4980242,338,40111,64240,1024,3438,1200,8746341,800000,11632633,5772585,2008173,300000,2670870,1325394,Infiltration
8443,6,28/02/2018 11:00:14,30686899,3493,334,4911393,40543,1460,1200,1418.6,105.2,240,40,129.3,44.0,151820,92.8,10100.5,24000,880000,20,30564151,8750.3,24000,880000,20,30564151,91457.5,24000,880000,20,1,0,0,0,69858,6683,83.3,9.7,40,1460,1248.8,470.6,221447.3,1,4,0,224,3036,0,0,0,0.1,1248.8,1418.6,129.3,2,1,0,1,1,0,3493,4911393,334,40543,64240,1024,3423,1200,9257705,800000,12312747,6110085,2322343,300000,3088716,1532746,Infiltration
8080,6,28/02/2018 11:00:16,30910414,3530,327,4902247,40198,1460,1200,1402.5,107.4,240,40,133.3,44.0,150984,90.8,10388.8,24000,880000,20,30786773,8722.3,24000,880000,20,30786773,94287.6,24000,880000,20,1,0,0,0,70593,6530,81.8,10.3,40,1460,1248.6,464.7,215966.5,1,4,0,226,3222,0,0,0,0.1,1248.6,1402.5,133.3,2,1,0,1,1,0,3530,4902247,327,40198,64240,1024,3459,1200,8802275,800000,11707025,5809501,2215443,300000,2946539,1462192,Infiltration
4444,6,28/02/2018 11:00:18,30049406,3585,354,5106904,41508,1460,1200,1416.5,105.0,240,40,120.9,44.0,162055,93.4,10484.4,24000,880000,20,29929208,8347.6,24000,880000,20,29929208,84465.1,24000,880000,20,1,0,0,0,71707,7086,82.5,10.2,40,1460,1264.3,424.4,180151.1,1,4,0,228,3058,0,0,0,0.1,1264.3,1416.5,120.9,2,1,0,1,1,0,3585,5106904,354,41508,64240,1024,3513,1200,9036024,800000,12017912,5963776,2080477,300000,2767034,1373115,Infiltration
4444,6,28/02/2018 11:00:20,31228445,3765,324,5316250,40774,1460,1200,1410.2,108.4,240,40,115.9,44.0,152861,89.2,10151.9,24000,880000,20,31103531,8260.8,24000,880000,20,31103531,96138.1,24000,880000,20,1,0,0,0,75303,6470,83.5,10.3,40,1460,1286.6,468.6,219598.3,1,4,0,230,3021,0,0,0,0.1,1286.6,1410.2,115.9,2,1,0,1,1,0,3765,5316250,324,40774,64240,1024,3689,1200,9493136,800000,12625871,6265470,2233163,300000,2970107,1473888,Infiltration
8080,6,28/02/2018 11:00:22,31145227,3834,349,5467030,45918,1460,1200,1416.5,99.9,240,40,116.0,44.0,157802,91.8,10666.6,24000,880000,20,31020646,8089.9,24000,880000,20,31020646,88954.9,24000,880000,20,1,0,0,0,76689,6974,79.4,10.4,40,1460,1245.9,447.2,199969.1,1,4,0,232,3189,0,0,0,0.1,1245.9,1416.5,116.0,2,1,0,1,1,0,3834,5467030,349,45918,64240,1024,3757,1200,9763469,800000,12985414,6443890,2285149,300000,3039249,1508199,Infiltration
8080,6,28/02/2018 11:00:24,30293785,3762,350,5388716,42145,1460,1200,1419.3,114.2,240,40,129.9,44.0,160205,89.0,10000.1,24000,880000,20,30172610,8019.8,24000,880000,20,30172610,86171.5,24000,880000,20,1,0,0,0,75245,7002,79.6,10.1,40,1460,1249.4,438.5,192257.4,1,4,0,234,3176,0,0,0,0.1,1249.4,1419.3,129.9,2,1,0,1,1,0,3762,5388716,350,42145,64240,1024,3687,1200,9463642,800000,12586644,6246004,2325111,300000,3092397,1534573,Infiltration
443,6,28/02/2018 11:00:26,30605541,3818,350,5393054,40494,1460,1200,1404.9,87.7,240,40,121.2,44.0,157808,91.8,9947.9,24000,880000,20,30483119,7984.4,24000,880000,20,30483119,87217.6,24000,880000,20,1,0,0,0,76356,6990,83.6,10.7,40,1460,1276.5,411.8,169583.5,1,4,0,236,3260,0,0,0,0.1,1276.5,1404.9,121.2,2,1,0,1,1,0,3818,5393054,350,40494,64240,1024,3741,1200,9579901,800000,12741269,6322735,2065455,300000,2747055,1363200,Infiltration
4444,6,28/02/2018 11:00:28,30716318,3921,358,5501203,45643,1460,1200,1394.3,99.2,240,40,131.3,44.0,152613,91.0,9957.1,24000,880000,20,30593452,7802.9,24000,880000,20,30593452,85525.6,24000,880000,20,1,0,0,0,78415,7154,81.8,9.9,40,1460,1241.5,427.1,182433.3,1,4,0,238,3209,0,0,0,0.1,1241.5,1394.3,131.3,2,1,0,1,1,0,3921,5501203,358,45643,64240,1024,3842,1200,9356403,800000,12444017,6175226,2165567,300000,2880204,1429274,Infiltration
8080,6,28/02/2018 11:00:30,31656682,3790,360,5353844,42674,1460,1200,1407.7,108.8,240,40,124.8,44.0,153780,94.0,10714.7,24000,880000,20,31530055,8318.4,24000,880000,20,31530055,87625.6,24000,880000,20,1,0,0,0,75807,7196,83.7,10.4,40,1460,1282.0,440.0,193615.2,1,4,0,240,3090,0,0,0,0.1,1282.0,1407.7,124.8,2,1,0,1,1,0,3790,5353844,360,42674,64240,1024,3714,1200,9875778,800000,13134784,6518013,2358718,300000,3137096,1556754,Infiltration
8080,6,28/02/2018 11:00:32,31393119,3908,357,5539977,45288,1460,1200,1421.8,114.2,240,40,124.5,44.0,156273,93.4,10790.9,24000,880000,20,31267547,8000.8,24000,880000,20,31267547,87493.0,24000,880000,20,1,0,0,0,78160,7147,80.3,10.8,40,1460,1272.5,434.0,188350.4,1,4,0,242,3234,0,0,0,0.1,1272.5,1421.8,124.5,2,1,0,1,1,0,3908,5539977,357,45288,64240,1024,3829,1200,9051450,800000,12038429,5973957,2105608,300000,2800459,1389701,Infiltration
8443,6,28/02/2018 11:00:34,31033669,3897,362,5549467,44088,1460,1200,1398.7,88.6,240,40,117.5,44.0,154069,90.1,10430.6,24000,880000,20,30909534,7931.0,24000,880000,20,30909534,85495.1,24000,880000,20,1,0,0,0,77946,7230,81.8,10.1,40,1460,1289.2,415.5,172633.7,1,4,0,244,3350,0,0,0,0.1,1289.2,1398.7,117.5,2,1,0,1,1,0,3897,5549467,362,44088,64240,1024,3819,1200,9605811,800000,12775729,6339836,2259423,300000,3005033,1491219,Infiltration
443,6,28/02/2018 11:00:36,31269547,4016,365,5727474,45676,1460,1200,1399.5,88.3,240,40,121.0,44.0,159626,91.8,10507.3,24000,880000,20,31144468,7755.9,24000,880000,20,31144468,85372.9,24000,880000,20,1,0,0,0,80312,7296,81.0,10.1,40,1460,1257.5,452.4,204678.2,1,4,0,246,3240,0,0,0,0.1,1257.5,1399.5,121.0,2,1,0,1,1,0,4016,5727474,365,45676,64240,1024,3935,1200,9344858,800000,12428661,6167606,2247197,300000,2988772,1483150,Infiltration
4444,6,28/02/2018 11:00:38,31594356,4170,343,5889199,44848,1460,1200,1416.5,100.0,240,40,121.1,44.0,164191,90.3,10416.6,24000,880000,20,31467979,7546.7,24000,880000,20,31467979,91678.3,24000,880000,20,1,0,0,0,83394,6864,84.9,10.2,40,1460,1256.8,417.2,174021.5,1,4,0,248,3313,0,0,0,0.1,1256.8,1416.5,121.1,2,1,0,1,1,0,4170,5889199,343,44848,64240,1024,4086,1200,9456388,800000,12576996,6241216,2082732,300000,2770034,1374603,Infiltration
4444,6,28/02/2018 11:00:40,31885946,4122,358,5809360,41605,1460,1200,1415.6,113.2,240,40,121.4,44.0,160233,91.6,10433.1,24000,880000,20,31758402,7704.6,24000,880000,20,31758402,88719.0,24000,880000,20,1,0,0,0,82440,7159,84.4,10.4,40,1460,1256.8,431.5,186171.5,1,4,0,250,3105,0,0,0,0.1,1256.8,1415.6,121.4,2,1,0,1,1,0,4122,5809360,358,41605,64240,1024,4039,1200,9472779,800000,12598796,6252034,2178649,300000,2897603,1437908,Infiltration
443,6,28/02/2018 11:00:42,32122753,4180,350,5756392,45933,1460,1200,1419.4,108.4,240,40,118.1,44.0,165707,91.6,10108.1,24000,880000,20,31994262,7653.4,24000,880000,20,31994262,91417.5,24000,880000,20,1,0,0,0,83608,6999,80.8,10.8,40,1460,1255.8,466.7,217774.1,1,4,0,252,3124,0,0,0,0.1,1255.8,1419.4,118.1,2,1,0,1,1,0,4180,5756392,350,45933,64240,1024,4096,1200,9652714,800000,12838110,6370791,2414583,300000,3211396,1593625,Infiltration
8080,6,28/02/2018 11:00:44,31521652,4130,347,5701668,43256,1460,1200,1409.4,87.1,240,40,135.4,44.0,157353,94.0,10134.3,24000,880000,20,31395565,7602.3,24000,880000,20,31395565,90567.1,24000,880000,20,1,0,0,0,82595,6933,84.8,10.8,40,1460,1255.7,440.6,194146.2,1,4,0,254,3382,0,0,0,0.1,1255.7,1409.4,135.4,2,1,0,1,1,0,4130,5701668,347,43256,64240,1024,4047,1200,9391921,800000,12491255,6198668,2204613,300000,2932135,1455044,Infiltration
8080,6,28/02/2018 11:00:46,31948284,4286,353,6063149,42936,1460,1200,1409.4,106.1,240,40,129.0,44.0,164708,93.9,10812.0,24000,880000,20,31820491,7423.7,24000,880000,20,31820491,90107.1,24000,880000,20,1,0,0,0,85726,7062,83.2,10.7,40,1460,1253.8,468.4,219406.0,1,4,0,256,3307,0,0,0,0.1,1253.8,1409.4,129.0,2,1,0,1,1,0,4286,6063149,353,42936,64240,1024,4200,1200,9845589,800000,13094634,6498089,2342247,300000,3115188,1545883,Infiltration
443,6,28/02/2018 11:00:48,31366140,4429,359,6272464,41299,1460,1200,1400.7,95.1,240,40,119.9,44.0,152590,92.1,10453.3,24000,880000,20,31240675,7054.1,24000,880000,20,31240675,87070.6,24000,880000,20,1,0,0,0,88574,7175,85.2,11.2,40,1460,1289.4,454.5,206577.1,1,4,0,258,3183,0,0,0,0.1,1289.4,1400.7,119.9,2,1,0,1,1,0,4429,6272464,359,41299,64240,1024,4340,1200,9986959,800000,13282656,6591393,2164195,300000,2878380,1428369,Infiltration
443,6,28/02/2018 11:00:50,31241212,4289,388,6089318,51045,1460,1200,1420.9,93.7,240,40,135.6,44.0,166131,95.2,10262.6,24000,880000,20,31116247,7254.9,24000,880000,20,31116247,80186.0,24000,880000,20,1,0,0,0,85779,7761,85.6,11.0,40,1460,1254.2,476.6,227189.7,1,4,0,260,3333,0,0,0,0.1,1254.2,1420.9,135.6,2,1,0,1,1,0,4289,6089318,388,51045,64240,1024,4203,1200,9285762,800000,12350063,6128603,2305352,300000,3066118,1521532,Infiltration
8080,6,28/02/2018 11:00:52,32240792,4332,367,5975280,44143,1460,1200,1404.2,103.7,240,40,130.1,44.0,160697,92.9,10620.8,24000,880000,20,32111828,7413.3,24000,880000,20,32111828,87424.3,24000,880000,20,1,0,0,0,86633,7346,84.0,10.5,40,1460,1283.2,457.7,209506.8,1,4,0,262,3272,0,0,0,0.1,1283.2,1404.2,130.1,2,1,0,1,1,0,4332,5975280,367,44143,64240,1024,4245,1200,10251544,800000,13634553,6766019,2246188,300000,2987429,1482484,Infiltration
443,6,28/02/2018 11:00:54,32321021,4406,377,6262470,46588,1460,1200,1413.4,92.7,240,40,123.3,44.0,162222,95.2,10305.3,24000,880000,20,32191737,7306.4,24000,880000,20,32191737,85397.1,24000,880000,20,1,0,0,0,88119,7539,86.3,11.0,40,1460,1278.3,438.0,191847.6,1,4,0,264,3197,0,0,0,0.1,1278.3,1413.4,123.3,2,1,0,1,1,0,4406,6262470,377,46588,64240,1024,4317,1200,9735901,800000,12948749,6425695,2489304,300000,3310774,1642940,Infiltration
8080,6,28/02/2018 11:00:56,32126880,4504,381,6320129,47480,1460,1200,1416.8,98.4,240,40,129.1,44.0,157981,92.4,10279.4,24000,880000,20,31998372,7105.2,24000,880000,20,31998372,83906.0,24000,880000,20,1,0,0,0,90070,7627,86.6,10.5,40,1460,1267.7,430.5,185359.9,1,4,0,266,3111,0,0,0,0.1,1267.7,1416.8,129.1,2,1,0,1,1,0,4504,6320129,381,47480,64240,1024,4413,1200,10248486,800000,13630486,6764001,2138980,300000,2844843,1411727,Infiltration
443,6,28/02/2018 11:00:58,32412750,4514,393,6321583,45536,1460,1200,1412.5,101.8,240,40,121.4,44.0,166232,93.8,10387.3,24000,880000,20,32283099,7151.2,24000,880000,20,32283099,82138.9,24000,880000,20,1,0,0,0,90286,7860,86.8,10.7,40,1460,1286.3,430.6,185410.6,1,4,0,268,3163,0,0,0,0.1,1286.3,1412.5,121.4,2,1,0,1,1,0,4514,6321583,393,45536,64240,1024,4424,1200,9534206,800000,12680494,6292576,2475483,300000,3292392,1633819,Infiltration
443,6,28/02/2018 11:01:00,31683806,4674,367,6453614,43341,1460,1200,1419.2,114.7,240,40,133.0,44.0,155492,93.9,10893.2,24000,880000,20,31557070,6751.0,24000,880000,20,31557070,85949.2,24000,880000,20,1,0,0,0,93488,7343,83.0,10.8,40,1460,1256.1,436.6,190646.7,1,4,0,270,3324,0,0,0,0.1,1256.1,1419.2,133.0,2,1,0,1,1,0,4674,6453614,367,43341,64240,1024,4580,1200,10372456,800000,13795367,6845821,2286608,300000,3041189,1509161,Infiltration
8443,6,28/02/2018 11:01:02,31690910,4784,369,6667559,48342,1460,1200,1420.6,103.1,240,40,131.2,44.0,161181,94.4,10477.1,24000,880000,20,31564147,6598.2,24000,880000,20,31564147,85480.1,24000,880000,20,1,0,0,0,95675,7385,86.5,11.4,40,1460,1246.0,462.8,214204.3,1,4,0,272,3311,0,0,0,0.1,1246.0,1420.6,131.2,2,1,0,1,1,0,4784,6667559,369,48342,64240,1024,4688,1200,10207394,800000,13575834,6736880,2272009,300000,3021772,1499526,Infiltration
4444,6,28/02/2018 11:01:04,32563920,4833,386,6880794,45359,1460,1200,1412.3,95.7,240,40,130.6,44.0,166836,93.8,10388.9,24000,880000,20,32433664,6711.1,24000,880000,20,32433664,84100.9,24000,880000,20,1,0,0,0,96657,7713,82.4,11.2,40,1460,1291.2,454.9,206947.3,1,4,0,274,3133,0,0,0,0.1,1291.2,1412.3,130.6,2,1,0,1,1,0,4833,6880794,386,45359,64240,1024,4736,1200,9603502,800000,12772657,6338311,2298721,300000,3057299,1517156,Infiltration
8080,6,28/02/2018 11:01:06,32103483,4755,376,6652881,48439,1460,1200,1400.9,110.9,240,40,131.7,44.0,162466,94.5,10190.4,24000,880000,20,31975069,6724.3,24000,880000,20,31975069,85091.1,24000,880000,20,1,0,0,0,95102,7515,82.7,10.5,40,1460,1274.9,415.2,172405.3,1,4,0,276,3440,0,0,0,0.1,1274.9,1400.9,131.7,2,1,0,1,1,0,4755,6652881,376,48439,64240,1024,4660,1200,10114999,800000,13452948,6675899,2331025,300000,3100263,1538476,Infiltration
8080,6,28/02/2018 11:01:08,32880760,4672,403,6522714,51324,1460,1200,1407.6,109.9,240,40,133.8,44.0,167194,92.7,10360.8,24000,880000,20,32749237,7010.0,24000,880000,20,32749237,81246.3,24000,880000,20,1,0,0,0,93435,8061,84.6,10.7,40,1460,1264.0,461.4,212908.1,1,4,0,278,3433,0,0,0,0.1,1264.0,1407.6,133.8,2,1,0,1,1,0,4672,6522714,403,51324,64240,1024,4578,1200,9685544,800000,12881774,6392459,2279319,300000,3031494,1504350,Infiltration
443,6,28/02/2018 11:01:10,33030928,4765,390,6707052,50678,1460,1200,1417.7,115.0,240,40,133.3,44.0,164449,93.8,10316.4,24000,880000,20,32898804,6904.7,24000,880000,20,32898804,84335.8,24000,880000,20,1,0,0,0,95294,7801,86.4,11.5,40,1460,1251.7,417.3,174119.8,1,4,0,280,3386,0,0,0,0.1,1251.7,1417.7,133.3,2,1,0,1,1,0,4765,6707052,390,50678,64240,1024,4669,1200,9597007,800000,12764020,6334025,2209863,300000,2939117,1458509,Infiltration
4444,6,28/02/2018 11:01:12,32030583,5013,373,7156141,46139,1460,1200,1411.0,110.0,240,40,131.7,44.0,167339,97.3,10035.2,24000,880000,20,31902461,6363.8,24000,880000,20,31902461,85437.9,24000,880000,20,1,0,0,0,100261,7467,86.6,10.7,40,1460,1263.0,410.0,168094.6,1,4,0,282,3257,0,0,0,0.1,1263.0,1411.0,131.7,2,1,0,1,1,0,5013,7156141,373,46139,64240,1024,4912,1200,10336014,800000,13746899,6821769,2396408,300000,3187222,1581629,Infiltration
443,6,28/02/2018 11:01:14,32622162,4806,396,6648295,51728,1460,1200,1423.1,93.7,240,40,130.1,44.0,168547,93.6,10640.9,24000,880000,20,32491674,6760.4,24000,880000,20,32491674,82025.8,24000,880000,20,1,0,0,0,96122,7922,83.1,11.2,40,1460,1275.1,431.3,186039.4,1,4,0,284,3220,0,0,0,0.1,1275.1,1423.1,130.1,2,1,0,1,1,0,4806,6648295,396,51728,64240,1024,4710,1200,10416375,800000,13853779,6874807,2408323,300000,3203070,1589493,Infiltration
8080,6,28/02/2018 11:01:16,32415079,5082,380,7141637,47825,1460,1200,1403.0,100.3,240,40,121.1,44.0,168569,96.2,10835.1,24000,880000,20,32285419,6352.6,24000,880000,20,32285419,84968.4,24000,880000,20,1,0,0,0,101645,7599,87.1,11.3,40,1460,1288.6,471.4,222199.2,1,4,0,286,3412,0,0,0,0.1,1288.6,1403.0,121.1,2,1,0,1,1,0,5082,7141637,380,47825,64240,1024,4980,1200,10538269,800000,14015898,6955258,2221072,300000,2954026,1465908,Infiltration
8443,6,28/02/2018 11:01:18,33361962,5091,390,7197976,46047,1460,1200,1411.5,117.0,240,40,130.3,44.0,163224,96.3,10281.4,24000,880000,20,33228515,6526.8,24000,880000,20,33228515,85219.5,24000,880000,20,1,0,0,0,101822,7798,88.0,10.7,40,1460,1281.2,439.2,192879.6,1,4,0,288,3234,0,0,0,0.1,1281.2,1411.5,130.3,2,1,0,1,1,0,5091,7197976,390,46047,64240,1024,4989,1200,9788311,800000,13018454,6460285,2571100,300000,3419563,1696926,Infiltration
443,6,28/02/2018 11:01:20,33469928,5028,387,7107552,43881,1460,1200,1422.3,104.9,240,40,132.6,44.0,170426,98.8,10299.2,24000,880000,20,33336048,6630.6,24000,880000,20,33336048,86160.3,24000,880000,20,1,0,0,0,100551,7738,88.2,11.8,40,1460,1245.6,410.9,168829.4,1,4,0,290,3444,0,0,0,0.1,1245.6,1422.3,132.6,2,1,0,1,1,0,5028,7107552,387,43881,64240,1024,4927,1200,10423241,800000,13862910,6879339,2357187,300000,3135059,1555744,Infiltration
443,6,28/02/2018 11:01:22,33464764,5013,414,7009864,51792,1460,1200,1403.6,87.8,240,40,118.6,44.0,156265,97.4,9901.6,24000,880000,20,33330904,6648.3,24000,880000,20,33330904,80539.3,24000,880000,20,1,0,0,0,100269,8276,85.6,11.2,40,1460,1256.7,476.2,226781.8,1,4,0,292,3354,0,0,0,0.1,1256.7,1403.6,118.6,2,1,0,1,1,0,5013,7009864,414,51792,64240,1024,4913,1200,10074603,800000,13399222,6649238,2576950,300000,3427344,1700787,Infiltration
8080,6,28/02/2018 11:01:24,33568956,5050,400,7173306,50767,1460,1200,1408.3,104.4,240,40,131.6,44.0,157838,98.9,9844.5,24000,880000,20,33434680,6620.8,24000,880000,20,33434680,83573.6,24000,880000,20,1,0,0,0,100998,8001,87.4,11.3,40,1460,1276.9,426.3,181704.2,1,4,0,294,3180,0,0,0,0.1,1276.9,1408.3,131.6,2,1,0,1,1,0,5050,7173306,400,50767,64240,1024,4948,1200,10164425,800000,13518685,6708521,2306998,300000,3068307,1522619,Infiltration
8080,6,28/02/2018 11:01:26,32988924,5105,389,7253121,45547,1460,1200,1401.4,117.9,240,40,123.7,44.0,162490,99.3,10283.9,24000,880000,20,32856969,6436.7,24000,880000,20,32856969,84529.9,24000,880000,20,1,0,0,0,102091,7774,88.1,11.6,40,1460,1250.1,453.5,205660.0,1,4,0,296,3287,0,0,0,0.1,1250.1,1401.4,123.7,2,1,0,1,1,0,5105,7253121,389,45547,64240,1024,5002,1200,10466233,800000,13920090,6907714,2457718,300000,3268765,1622094,Infiltration
4444,6,28/02/2018 11:01:28,33547399,5410,412,7690571,46909,1460,1200,1415.0,91.2,240,40,122.7,44.0,168823,98.2,10758.7,24000,880000,20,33413209,6176.6,24000,880000,20,33413209,81096.3,24000,880000,20,1,0,0,0,108193,8240,84.8,11.9,40,1460,1271.0,452.7,204925.7,1,4,0,298,3323,0,0,0,0.1,1271.0,1415.0,122.7,2,1,0,1,1,0,5410,7690571,412,46909,64240,1024,5301,1200,9923501,800000,13198256,6549510,2362594,300000,3142250,1559312,Infiltration
443,6,28/02/2018 11:01:30,32586457,5282,406,7542894,52362,1460,1200,1401.6,114.8,240,40,129.2,44.0,159800,99.3,10451.8,24000,880000,20,32456111,6144.1,24000,880000,20,32456111,79902.7,24000,880000,20,1,0,0,0,105649,8123,86.3,11.5,40,1460,1278.3,467.0,218068.9,1,4,0,300,3231,0,0,0,0.1,1278.3,1401.6,129.2,2,1,0,1,1,0,5282,7542894,406,52362,64240,1024,5176,1200,10296865,800000,13694831,6795931,2455560,300000,3265895,1620670,Infiltration
8080,6,28/02/2018 11:01:32,33837537,5427,420,7683209,50386,1460,1200,1396.0,96.7,240,40,132.1,44.0,159427,97.5,10376.4,24000,880000,20,33702187,6210.6,24000,880000,20,33702187,80274.6,24000,880000,20,1,0,0,0,108530,8396,84.4,11.8,40,1460,1255.4,459.7,211320.9,1,4,0,302,3472,0,0,0,0.1,1255.4,1396.0,132.1,2,1,0,1,1,0,5427,7683209,420,50386,64240,1024,5318,1200,10375944,800000,13800005,6848123,2473378,300000,3289593,1632430,Infiltration
8080,6,28/02/2018 11:01:34,32678837,5464,428,7751181,48547,1460,1200,1409.2,114.1,240,40,132.1,44.0,160158,98.0,10788.8,24000,880000,20,32548122,5956.7,24000,880000,20,32548122,75967.6,24000,880000,20,1,0,0,0,109282,8568,87.9,11.9,40,1460,1249.9,427.9,183127.6,1,4,0,304,3328,0,0,0,0.1,1249.9,1409.2,132.1,2,1,0,1,1,0,5464,7751181,428,48547,64240,1024,5354,1200,10423375,800000,13863089,6879428,2401772,300000,3194357,1585169,Infiltration
4444,6,28/02/2018 11:01:36,33002340,5504,415,7869149,53610,1460,1200,1399.9,111.0,240,40,123.9,44.0,172483,99.5,10522.6,24000,880000,20,32870330,5972.2,24000,880000,20,32870330,79115.9,24000,880000,20,1,0,0,0,110078,8309,87.2,11.6,40,1460,1255.1,415.9,172946.6,1,4,0,306,3386,0,0,0,0.1,1255.1,1399.9,123.9,2,1,0,1,1,0,5504,7869149,415,53610,64240,1024,5393,1200,10310164,800000,13712519,6804709,2376081,300000,3160188,1568214,Infiltration
8443,6,28/02/2018 11:01:38,33695152,5448,402,7733905,45835,1460,1200,1402.4,105.4,240,40,124.3,44.0,157973,97.4,10326.7,24000,880000,20,33560371,6160.0,24000,880000,20,33560371,83541.9,24000,880000,20,1,0,0,0,108962,8034,86.5,11.7,40,1460,1289.0,467.2,218285.7,1,4,0,308,3235,0,0,0,0.1,1289.0,1402.4,124.3,2,1,0,1,1,0,5448,7733905,402,45835,64240,1024,5339,1200,10369990,800000,13792086,6844193,2620677,300000,3485500,1729647,Infiltration
4444,6,28/02/2018 11:01:40,33651825,5689,436,8092138,52672,1460,1200,1409.8,96.3,240,40,128.3,44.0,164570,95.6,10617.0,24000,880000,20,33517218,5891.5,24000,880000,20,33517218,76832.0,24000,880000,20,1,0,0,0,113781,8724,87.0,11.9,40,1460,1252.1,438.4,192233.8,1,4,0,310,3373,0,0,0,0.1,1252.1,1409.8,128.3,2,1,0,1,1,0,5689,8092138,436,52672,64240,1024,5575,1200,10654336,800000,14170267,7031862,2692858,300000,3581501,1777286,Infiltration
8080,6,28/02/2018 11:01:42,33010429,5697,429,8055308,49105,1460,1200,1398.3,110.5,240,40,123.3,44.0,162547,99.3,10458.3,24000,880000,20,32878387,5771.3,24000,880000,20,32878387,76724.4,24000,880000,20,1,0,0,0,113938,8570,88.4,11.0,40,1460,1244.5,461.2,212722.6,1,4,0,312,3221,0,0,0,0.1,1244.5,1398.3,123.3,2,1,0,1,1,0,5697,8055308,429,49105,64240,1024,5582,1200,10499821,800000,13964762,6929882,2330012,300000,3098916,1537808,Infiltration
443,6,28/02/2018 11:01:44,34116464,5793,417,7993315,50751,1460,1200,1417.7,96.6,240,40,120.8,44.0,166713,98.3,9949.8,24000,880000,20,33979998,5865.5,24000,880000,20,33979998,81423.6,24000,880000,20,1,0,0,0,115863,8346,87.2,11.9,40,1460,1281.5,463.3,214689.7,1,4,0,314,3365,0,0,0,0.1,1281.5,1417.7,120.8,2,1,0,1,1,0,5793,7993315,417,50751,64240,1024,5677,1200,11040472,800000,14683827,7286711,2349728,300000,3125138,1550820,Infiltration
8080,6,28/02/2018 11:01:46,34171147,5640,445,7826541,49975,1460,1200,1408.7,96.2,240,40,118.0,44.0,159865,97.9,9986.8,24000,880000,20,34034463,6035.0,24000,880000,20,34034463,76474.3,24000,880000,20,1,0,0,0,112790,8900,88.2,11.0,40,1460,1251.1,472.0,222794.4,1,4,0,316,3514,0,0,0,0.1,1251.1,1408.7,118.0,2,1,0,1,1,0,5640,7826541,445,49975,64240,1024,5526,1200,10120521,800000,13460294,6679544,2360528,300000,3139503,1557949,Infiltration
4444,6,28/02/2018 11:01:48,34024869,5858,427,8385792,48617,1460,1200,1411.5,106.0,240,40,128.3,44.0,166562,96.8,10597.6,24000,880000,20,33888770,5785.3,24000,880000,20,33888770,79332.1,24000,880000,20,1,0,0,0,117154,8543,85.5,11.7,40,1460,1290.4,428.6,183707.8,1,4,0,318,3392,0,0,0,0.1,1290.4,1411.5,128.3,2,1,0,1,1,0,5858,8385792,427,48617,64240,1024,5740,1200,10210913,800000,13580514,6739203,2673958,300000,3556364,1764812,Infiltration
8443,6,28/02/2018 11:01:50,33726770,5983,430,8350696,49705,1460,1200,1423.7,112.8,240,40,127.6,44.0,174789,100.4,10092.5,24000,880000,20,33591863,5614.1,24000,880000,20,33591863,78125.8,24000,880000,20,1,0,0,0,119668,8599,90.2,11.5,40,1460,1282.3,476.0,226605.2,1,4,0,320,3400,0,0,0,0.1,1282.3,1423.7,127.6,2,1,0,1,1,0,5983,8350696,430,49705,64240,1024,5863,1200,10459477,800000,13911105,6903255,2456601,300000,3267279,1621357,Infiltration
8080,6,28/02/2018 11:01:52,34322244,5953,453,8410702,58473,1460,1200,1419.1,98.5,240,40,120.7,44.0,175332,100.6,10670.0,24000,880000,20,34184955,5742.3,24000,880000,20,34184955,75453.0,24000,880000,20,1,0,0,0,119063,9061,90.9,11.9,40,1460,1275.1,458.2,209942.3,1,4,0,322,3342,0,0,0,0.1,1275.1,1419.1,120.7,2,1,0,1,1,0,5953,8410702,453,58473,64240,1024,5834,1200,10713621,800000,14249116,7070990,2599147,300000,3456865,1715437,Infiltration
443,6,28/02/2018 11:01:54,34037092,6003,446,8586004,54950,1460,1200,1416.3,95.1,240,40,124.0,44.0,161576,100.4,10445.1,24000,880000,20,33900943,5647.5,24000,880000,20,33900943,75932.6,24000,880000,20,1,0,0,0,120056,8929,88.8,11.6,40,1460,1289.5,425.9,181391.4,1,4,0,324,3578,0,0,0,0.1,1289.5,1416.3,124.0,2,1,0,1,1,0,6003,8586004,446,54950,64240,1024,5882,1200,10516588,800000,13987062,6940948,2575295,300000,3425143,1699695,Infiltration
4444,6,28/02/2018 11:01:56,33599601,5998,445,8490470,58550,1460,1200,1416.2,92.6,240,40,129.0,44.0,165368,99.8,10610.1,24000,880000,20,33465203,5579.6,24000,880000,20,33465203,75246.3,24000,880000,20,1,0,0,0,119955,8894,91.2,12.0,40,1460,1258.5,461.8,213280.9,1,4,0,326,3525,0,0,0,0.1,1258.5,1416.2,129.0,2,1,0,1,1,0,5998,8490470,445,58550,64240,1024,5877,1200,10660811,800000,14178879,7036136,2728128,300000,3628411,1800565,Infiltration
443,6,28/02/2018 11:01:58,34325169,5863,455,8348328,52482,1460,1200,1417.5,88.5,240,40,124.8,44.0,167457,101.3,10287.6,24000,880000,20,34187868,5830.9,24000,880000,20,34187868,75190.5,24000,880000,20,1,0,0,0,117263,9093,89.3,12.2,40,1460,1278.6,451.0,203387.2,1,4,0,328,3318,0,0,0,0.1,1278.6,1417.5,124.8,2,1,0,1,1,0,5863,8348328,455,52482,64240,1024,5745,1200,10265281,800000,13652824,6775086,2591448,300000,3446626,1710356,Infiltration
8080,6,28/02/2018 11:02:00,33767221,6180,421,8795430,50578,1460,1200,1409.6,91.0,240,40,121.2,44.0,173532,99.9,10141.7,24000,880000,20,33632152,5442.5,24000,880000,20,33632152,79914.5,24000,880000,20,1,0,0,0,123591,8417,87.9,12.1,40,1460,1256.2,418.5,175152.4,1,4,0,330,3308,0,0,0,0.1,1256.2,1409.6,121.2,2,1,0,1,1,0,6180,8795430,421,50578,64240,1024,6055,1200,11243142,800000,14953379,7420474,2621575,300000,3486695,1730239,Infiltration
443,6,28/02/2018 11:02:02,33690298,6050,437,8591657,52018,1460,1200,1401.0,94.9,240,40,133.2,44.0,160986,98.3,9855.6,24000,880000,20,33555537,5546.5,24000,880000,20,33555537,76767.2,24000,880000,20,1,0,0,0,120997,8742,89.4,12.2,40,1460,1287.1,464.2,215460.5,1,4,0,332,3452,0,0,0,0.1,1287.1,1401.0,133.2,2,1,0,1,1,0,6050,8591657,437,52018,64240,1024,5928,1200,10595715,800000,14092301,6993172,2654427,300000,3530388,1751922,Infiltration
443,6,28/02/2018 11:02:04,34665075,6310,464,8878273,60477,1460,1200,1397.1,114.3,240,40,137.0,44.0,161172,99.1,10486.3,24000,880000,20,34526414,5471.4,24000,880000,20,34526414,74473.7,24000,880000,20,1,0,0,0,126206,9272,88.5,11.9,40,1460,1285.8,462.6,214000.2,1,4,0,334,3489,0,0,0,0.1,1285.8,1397.1,137.0,2,1,0,1,1,0,6310,8878273,464,60477,64240,1024,6184,1200,10557139,800000,14040995,6967712,2661075,300000,3539229,1756309,Infiltration
8080,6,28/02/2018 11:02:06,33884662,6253,442,8910215,55874,1460,1200,1402.7,97.3,240,40,136.4,44.0,173461,99.7,10375.7,24000,880000,20,33749123,5397.1,24000,880000,20,33749123,76397.9,24000,880000,20,1,0,0,0,125063,8835,87.8,12.4,40,1460,1257.8,480.3,230654.1,1,4,0,336,3603,0,0,0,0.1,1257.8,1402.7,136.4,2,1,0,1,1,0,6253,8910215,442,55874,64240,1024,6128,1200,10620393,800000,14125122,7009459,2613743,300000,3476278,1725071,Infiltration
443,6,28/02/2018 11:02:08,34076987,6169,427,8565771,55994,1460,1200,1405.0,111.6,240,40,125.2,44.0,164651,101.4,9932.8,24000,880000,20,33940679,5501.6,24000,880000,20,33940679,79420.0,24000,880000,20,1,0,0,0,123384,8547,90.4,11.6,40,1460,1272.0,464.2,215456.9,1,4,0,338,3610,0,0,0,0.1,1272.0,1405.0,125.2,2,1,0,1,1,0,6169,8565771,427,55994,64240,1024,6045,1200,11289002,800000,15014373,7450741,2427692,300000,3228831,1602277,Infiltration
8080,6,28/02/2018 11:02:10,35002309,6503,467,9165809,57474,1460,1200,1400.5,98.2,240,40,126.4,44.0,167862,100.5,10544.0,24000,880000,20,34862300,5360.7,24000,880000,20,34862300,74675.5,24000,880000,20,1,0,0,0,130065,9337,88.7,12.5,40,1460,1269.4,435.7,189809.3,1,4,0,340,3616,0,0,0,0.1,1269.4,1400.5,126.4,2,1,0,1,1,0,6503,9165809,467,57474,64240,1024,6373,1200,11046709,800000,14692124,7290828,2515335,300000,3345395,1660121,Infiltration
8080,6,28/02/2018 11:02:12,34786475,6320,474,9050414,54071,1460,1200,1417.8,108.9,240,40,118.9,44.0,165215,102.0,10397.8,24000,880000,20,34647329,5482.2,24000,880000,20,34647329,73037.4,24000,880000,20,1,0,0,0,126400,9487,90.8,12.2,40,1460,1287.1,442.3,195631.5,1,4,0,342,3412,0,0,0,0.1,1287.1,1417.8,118.9,2,1,0,1,1,0,6320,9050414,474,54071,64240,1024,6193,1200,10724349,800000,14263384,7078070,2820804,300000,3751669,1861730,Infiltration
4444,6,28/02/2018 11:02:14,34151361,6432,472,8945562,56322,1460,1200,1417.1,108.4,240,40,126.1,44.0,178546,103.0,10154.9,24000,880000,20,34014755,5288.0,24000,880000,20,34014755,72113.2,24000,880000,20,1,0,0,0,128648,9433,90.1,12.0,40,1460,1256.4,413.7,171168.8,1,4,0,344,3564,0,0,0,0.1,1256.4,1417.1,126.1,2,1,0,1,1,0,6432,8945562,472,56322,64240,1024,6303,1200,11207657,800000,14906184,7397054,2779242,300000,3696392,1834300,Infiltration
8080,6,28/02/2018 11:02:16,34207422,6383,463,9115167,52824,1460,1200,1424.9,110.6,240,40,122.4,44.0,166893,98.2,10114.0,24000,880000,20,34070593,5337.3,24000,880000,20,34070593,73636.2,24000,880000,20,1,0,0,0,127668,9253,87.8,12.0,40,1460,1290.6,471.6,222408.5,1,4,0,346,3399,0,0,0,0.1,1290.6,1424.9,122.4,2,1,0,1,1,0,6383,9115167,463,52824,64240,1024,6255,1200,11088955,800000,14748311,7318711,2690404,300000,3578238,1775667,Infiltration
443,6,28/02/2018 11:02:18,35314457,6638,477,9188958,59115,1460,1200,1407.5,100.8,240,40,121.2,44.0,171270,98.5,10685.1,24000,880000,20,35173199,5298.9,24000,880000,20,35173199,73790.1,24000,880000,20,1,0,0,0,132757,9533,91.6,12.3,40,1460,1256.7,465.3,216531.5,1,4,0,348,3487,0,0,0,0.1,1256.7,1407.5,121.2,2,1,0,1,1,0,6638,9188958,477,59115,64240,1024,6505,1200,11127321,800000,14799337,7344032,2685556,300000,3571789,1772467,Infiltration
4444,6,28/02/2018 11:02:20,35026956,6506,442,9090906,52572,1460,1200,1414.3,99.4,240,40,120.4,44.0,172674,100.3,10354.4,24000,880000,20,34886848,5362.5,24000,880000,20,34886848,78878.8,24000,880000,20,1,0,0,0,130113,8845,91.6,12.0,40,1460,1277.4,459.1,210729.2,1,4,0,350,3410,0,0,0,0.1,1277.4,1414.3,120.4,2,1,0,1,1,0,6506,9090906,442,52572,64240,1024,6375,1200,11251244,800000,14964155,7425821,2489200,300000,3310636,1642872,Infiltration
8080,6,28/02/2018 11:02:22,35695055,6631,451,9315152,58175,1460,1200,1420.2,119.3,240,40,134.8,44.0,165363,101.4,10601.0,24000,880000,20,35552274,5361.4,24000,880000,20,35552274,78811.3,24000,880000,20,1,0,0,0,132622,9022,93.3,12.1,40,1460,1278.7,448.4,201066.0,1,4,0,352,3571,0,0,0,0.1,1278.7,1420.2,134.8,2,1,0,1,1,0,6631,9315152,451,58175,64240,1024,6498,1200,11460523,800000,15242496,7563945,2854154,300000,3796025,1883742,Infiltration
443,6,28/02/2018 11:02:24,34920234,6694,484,9224999,61888,1460,1200,1413.2,109.4,240,40,135.1,44.0,165777,101.7,9845.9,24000,880000,20,34780554,5195.9,24000,880000,20,34780554,71842.9,24000,880000,20,1,0,0,0,133876,9682,92.8,12.4,40,1460,1289.7,461.4,212889.7,1,4,0,354,3365,0,0,0,0.1,1289.7,1413.2,135.1,2,1,0,1,1,0,6694,9224999,484,61888,64240,1024,6559,1200,10992430,800000,14619931,7255004,2647369,300000,3521001,1747264,Infiltration
443,6,28/02/2018 11:02:26,35725412,6664,478,9266148,58911,1460,1200,1397.8,108.5,240,40,122.2,44.0,166624,101.8,10616.7,24000,880000,20,35582510,5339.2,24000,880000,20,35582510,74452.7,24000,880000,20,1,0,0,0,133288,9558,93.1,12.5,40,1460,1286.7,449.9,202393.0,1,4,0,356,3492,0,0,0,0.1,1286.7,1397.8,122.2,2,1,0,1,1,0,6664,9266148,478,58911,64240,1024,6531,1200,10703335,800000,14235435,7064201,2811768,300000,3739652,1855767,Infiltration
443,6,28/02/2018 11:02:28,35511550,6857,470,9483054,59977,1460,1200,1421.8,116.2,240,40,127.2,44.0,176640,102.8,9773.9,24000,880000,20,35369503,5158.4,24000,880000,20,35369503,75263.1,24000,880000,20,1,0,0,0,137133,9398,93.6,12.0,40,1460,1278.8,480.1,230530.8,1,4,0,358,3512,0,0,0,0.1,1278.8,1421.8,127.2,2,1,0,1,1,0,6857,9483054,470,59977,64240,1024,6719,1200,11626176,800000,15462814,7673276,2690659,300000,3578576,1775835,Infiltration
443,6,28/02/2018 11:02:30,35247428,6814,467,9663425,56783,1460,1200,1408.2,93.3,240,40,130.8,44.0,173999,99.6,10585.3,24000,880000,20,35106438,5152.4,24000,880000,20,35106438,75119.0,24000,880000,20,1,0,0,0,136272,9346,89.8,11.8,40,1460,1266.7,438.3,192148.3,1,4,0,360,3425,0,0,0,0.1,1266.7,1408.2,130.8,2,1,0,1,1,0,6814,9663425,467,56783,64240,1024,6677,1200,11679699,800000,15533999,7708601,2732446,300000,3634153,1803414,Infiltration
443,6,28/02/2018 11:02:32,35506500,7113,484,9963285,58528,1460,1200,1408.8,91.6,240,40,117.7,44.0,166594,98.5,10375.3,24000,880000,20,35364474,4971.9,24000,880000,20,35364474,73009.9,24000,880000,20,1,0,0,0,142256,9687,90.2,11.8,40,1460,1253.7,422.7,178675.2,1,4,0,362,3580,0,0,0,0.1,1253.7,1408.8,117.7,2,1,0,1,1,0,7113,9963285,484,58528,64240,1024,6970,1200,11520736,800000,15322579,7603686,2923449,300000,3888187,1929476,Infiltration
8080,6,28/02/2018 11:02:34,34883362,7103,488,9969058,57573,1460,1200,1406.8,111.9,240,40,134.0,44.0,171900,101.8,10322.5,24000,880000,20,34743828,4891.1,24000,880000,20,34743828,71257.8,24000,880000,20,1,0,0,0,142069,9751,94.0,12.0,40,1460,1275.6,461.5,212973.9,1,4,0,364,3682,0,0,0,0.1,1275.6,1406.8,134.0,2,1,0,1,1,0,7103,9969058,488,57573,64240,1024,6961,1200,11639029,800000,15479908,7681759,2537106,300000,3374351,1674490,Infiltration
4444,6,28/02/2018 11:02:36,36042552,6985,489,9721238,56524,1460,1200,1424.3,116.1,240,40,125.9,44.0,175490,100.6,10224.0,24000,880000,20,35898382,5139.0,24000,880000,20,35898382,73362.0,24000,880000,20,1,0,0,0,139709,9786,89.9,12.9,40,1460,1261.1,447.4,200129.9,1,4,0,366,3491,0,0,0,0.1,1261.1,1424.3,125.9,2,1,0,1,1,0,6985,9721238,489,56524,64240,1024,6845,1200,11267081,800000,14985217,7436273,2859658,300000,3803346,1887374,Infiltration
443,6,28/02/2018 11:02:38,35193691,7176,488,9947246,61641,1460,1200,1423.8,114.3,240,40,126.7,44.0,172340,102.8,10278.8,24000,880000,20,35052916,4884.5,24000,880000,20,35052916,71760.2,24000,880000,20,1,0,0,0,143528,9769,90.9,12.2,40,1460,1267.4,440.1,193727.3,1,4,0,368,3645,0,0,0,0.1,1267.4,1423.8,126.7,2,1,0,1,1,0,7176,9947246,488,61641,64240,1024,7032,1200,11602170,800000,15430886,7657432,2821316,300000,3752351,1862069,Infiltration
443,6,28/02/2018 11:02:40,35060203,7289,499,10246202,56831,1460,1200,1401.7,104.5,240,40,134.7,44.0,178699,99.9,10355.1,24000,880000,20,34919962,4790.8,24000,880000,20,34919962,69939.3,24000,880000,20,1,0,0,0,145780,9985,94.1,12.7,40,1460,1265.5,455.8,207770.0,1,4,0,370,3672,0,0,0,0.1,1265.5,1401.7,134.7,2,1,0,1,1,0,7289,10246202,499,56831,64240,1024,7143,1200,11630252,800000,15468235,7675966,2526752,300000,3360580,1667656,Infiltration
8080,6,28/02/2018 11:02:42,35801873,7283,465,10241427,53148,1460,1200,1422.6,107.4,240,40,129.7,44.0,172717,99.8,10375.4,24000,880000,20,35658665,4896.2,24000,880000,20,35658665,76665.5,24000,880000,20,1,0,0,0,145657,9302,89.5,12.3,40,1460,1258.6,417.7,174478.3,1,4,0,372,3682,0,0,0,0.1,1258.6,1422.6,129.7,2,1,0,1,1,0,7283,10241427,465,53148,64240,1024,7137,1200,10958488,800000,14574789,7232602,2563342,300000,3409245,1691806,Infiltration
443,6,28/02/2018 11:02:44,36256782,7424,489,10532541,57592,1460,1200,1410.9,104.8,240,40,118.5,44.0,173224,103.3,10073.4,24000,880000,20,36111755,4863.9,24000,880000,20,36111755,73849.9,24000,880000,20,1,0,0,0,148488,9779,94.0,12.8,40,1460,1255.4,422.3,178354.7,1,4,0,374,3604,0,0,0,0.1,1255.4,1410.9,118.5,2,1,0,1,1,0,7424,10532541,489,57592,64240,1024,7275,1200,10992989,800000,14620676,7255373,2566940,300000,3414030,1694180,Infiltration
443,6,28/02/2018 11:02:46,35982223,7129,505,9964165,61565,1460,1200,1407.2,108.7,240,40,129.3,44.0,171748,102.7,10454.9,24000,880000,20,35838294,5026.9,24000,880000,20,35838294,70956.7,24000,880000,20,1,0,0,0,142584,10101,93.6,12.3,40,1460,1271.8,448.8,201395.8,1,4,0,376,3413,0,0,0,0.1,1271.8,1407.2,129.3,2,1,0,1,1,0,7129,9964165,505,61565,64240,1024,6986,1200,12039354,800000,16012340,7945973,2653576,300000,3529256,1751360,Infiltration
8080,6,28/02/2018 11:02:48,35236392,7530,509,10760537,61313,1460,1200,1407.7,90.8,240,40,128.7,44.0,181115,104.8,10459.2,24000,880000,20,35095447,4660.8,24000,880000,20,35095447,68906.1,24000,880000,20,1,0,0,0,150597,10186,91.3,12.8,40,1460,1251.9,436.7,190724.8,1,4,0,378,3653,0,0,0,0.1,1251.9,1407.7,128.7,2,1,0,1,1,0,7530,10760537,509,61313,64240,1024,7379,1200,11410545,800000,15176024,7530959,2671249,300000,3552761,1763024,Infiltration
8080,6,28/02/2018 11:02:50,36431147,7291,486,10432514,63914,1460,1200,1418.9,104.1,240,40,133.5,44.0,179279,103.3,10143.2,24000,880000,20,36285422,4976.9,24000,880000,20,36285422,74712.3,24000,880000,20,1,0,0,0,145815,9713,91.4,12.7,40,1460,1289.6,474.7,225343.3,1,4,0,380,3417,0,0,0,0.1,1289.6,1418.9,133.5,2,1,0,1,1,0,7291,10432514,486,63914,64240,1024,7144,1200,11189760,800000,14882380,7385241,2845072,300000,3783945,1877747,Infiltration
8080,6,28/02/2018 11:02:52,35775663,7442,498,10453107,62843,1460,1200,1412.4,116.6,240,40,124.0,44.0,168480,105.1,10533.3,24000,880000,20,35632560,4788.0,24000,880000,20,35632560,71543.3,24000,880000,20,1,0,0,0,148842,9961,95.4,12.9,40,1460,1293.1,470.4,221250.4,1,4,0,382,3635,0,0,0,0.1,1293.1,1412.4,124.0,2,1,0,1,1,0,7442,10453107,498,62843,64240,1024,7293,1200,11023131,800000,14660764,7275267,2788182,300000,3708282,1840200,Infiltration
8080,6,28/02/2018 11:02:54,36000501,7324,504,10172008,60180,1460,1200,1411.7,115.4,240,40,130.4,44.0,169473,102.9,9723.1,24000,880000,20,35856499,4895.6,24000,880000,20,35856499,71078.7,24000,880000,20,1,0,0,0,146484,10089,91.9,13.2,40,1460,1259.7,451.9,204209.0,1,4,0,384,3616,0,0,0,0.1,1259.7,1411.7,130.4,2,1,0,1,1,0,7324,10172008,504,60180,64240,1024,7177,1200,11330375,800000,15069398,7478047,2964914,300000,3943335,1956843,Infiltration
8443,6,28/02/2018 11:02:56,36799165,7404,475,10445260,54831,1460,1200,1409.6,100.1,240,40,120.1,44.0,181858,100.9,10102.5,24000,880000,20,36651969,4950.5,24000,880000,20,36651969,77180.8,24000,880000,20,1,0,0,0,148072,9497,90.6,12.2,40,1460,1257.4,466.4,217540.4,1,4,0,386,3649,0,0,0,0.1,1257.4,1409.6,120.1,2,1,0,1,1,0,7404,10445260,475,54831,64240,1024,7255,1200,11182426,800000,14872627,7380401,2844638,300000,3783368,1877461,Infiltration
8080,6,28/02/2018 11:02:58,36882177,7710,491,10666345,58783,1460,1200,1405.4,95.5,240,40,120.9,44.0,183959,100.7,10085.0,24000,880000,20,36734648,4764.8,24000,880000,20,36734648,74847.1,24000,880000,20,1,0,0,0,154190,9815,95.8,12.3,40,1460,1269.6,459.7,211311.5,1,4,0,388,3538,0,0,0,0.1,1269.6,1405.4,120.9,2,1,0,1,1,0,7710,10666345,491,58783,64240,1024,7555,1200,11153181,800000,14833731,7361100,2724854,300000,3624056,1798404,Infiltration
8443,6,28/02/2018 11:03:00,35825075,7618,479,10777601,57151,1460,1200,1404.8,112.3,240,40,128.8,44.0,175769,101.2,9811.8,24000,880000,20,35681775,4683.9,24000,880000,20,35681775,74478.5,24000,880000,20,1,0,0,0,152360,9581,92.0,12.7,40,1460,1260.4,447.3,200052.8,1,4,0,390,3483,0,0,0,0.1,1260.4,1404.8,128.8,2,1,0,1,1,0,7618,10777601,479,57151,64240,1024,7465,1200,11334592,800000,15075007,7480831,2955185,300000,3930397,1950422,Infiltration
4444,6,28/02/2018 11:03:02,36770497,7948,510,11229867,57745,1460,1200,1417.2,104.7,240,40,118.6,44.0,182073,102.1,10417.5,24000,880000,20,36623415,4608.1,24000,880000,20,36623415,71774.9,24000,880000,20,1,0,0,0,158952,10205,96.1,12.2,40,1460,1292.9,486.1,236250.2,1,4,0,392,3759,0,0,0,0.1,1292.9,1417.2,118.6,2,1,0,1,1,0,7948,11229867,510,57745,64240,1024,7788,1200,12208055,800000,16236713,8057316,2625404,300000,3491787,1732767,Infiltration
8443,6,28/02/2018 11:03:04,36401427,7906,501,11010883,65833,1460,1200,1399.0,93.6,240,40,125.1,44.0,185677,104.9,10186.9,24000,880000,20,36255821,4586.1,24000,880000,20,36255821,72332.9,24000,880000,20,1,0,0,0,158112,10024,93.9,13.3,40,1460,1251.8,453.6,205720.9,1,4,0,394,3578,0,0,0,0.1,1251.8,1399.0,125.1,2,1,0,1,1,0,7906,11010883,501,65833,64240,1024,7747,1200,12004647,800000,15966181,7923067,2833940,300000,3769140,1870401,Infiltration
443,6,28/02/2018 11:03:06,37045525,8015,514,11181913,59126,1460,1200,1417.6,119.9,240,40,134.7,44.0,177452,101.3,10439.1,24000,880000,20,36897343,4603.3,24000,880000,20,36897343,71815.2,24000,880000,20,1,0,0,0,160309,10275,93.6,12.3,40,1460,1276.6,486.7,236924.7,1,4,0,396,3512,0,0,0,0.1,1276.6,1417.6,134.7,2,1,0,1,1,0,8015,11181913,514,59126,64240,1024,7855,1200,12007855,800000,15970448,7925185,3031564,300000,4031980,2000832,Infiltration
4444,6,28/02/2018 11:03:08,36318602,7903,499,11187188,65472,1460,1200,1408.8,121.3,240,40,129.4,44.0,183340,102.8,10599.1,24000,880000,20,36173327,4577.0,24000,880000,20,36173327,72473.5,24000,880000,20,1,0,0,0,158066,9982,95.3,12.2,40,1460,1282.6,481.4,231714.8,1,4,0,398,3716,0,0,0,0.1,1282.6,1408.8,129.4,2,1,0,1,1,0,7903,11187188,499,65472,64240,1024,7745,1200,11381862,800000,15137877,7512029,2656092,300000,3532602,1753021,Infiltration
443,6,28/02/2018 11:03:10,37280804,7911,485,11191434,62000,1460,1200,1414.6,119.2,240,40,125.0,44.0,171374,105.9,9868.7,24000,880000,20,37131680,4693.8,24000,880000,20,37131680,76580.2,24000,880000,20,1,0,0,0,158217,9697,96.4,13.0,40,1460,1286.2,417.7,174472.8,1,4,0,400,3640,0,0,0,0.1,1286.2,1414.6,125.0,2,1,0,1,1,0,7911,11191434,485,62000,64240,1024,7752,1200,12252102,800000,16295295,8086387,2919433,300000,3882845,1926825,Infiltration
443,6,28/02/2018 11:03:12,36477774,7963,522,11265465,66729,1460,1200,1410.4,120.4,240,40,135.5,44.0,176918,107.0,10232.8,24000,880000,20,36331863,4562.4,24000,880000,20,36331863,69566.5,24000,880000,20,1,0,0,0,159265,10445,94.2,12.4,40,1460,1269.1,447.4,200132.9,1,4,0,402,3579,0,0,0,0.1,1269.1,1410.4,135.5,2,1,0,1,1,0,7963,11265465,522,66729,64240,1024,7804,1200,11427729,800000,15198880,7542301,2682579,300000,3567830,1770502,Infiltration
8443,6,28/02/2018 11:03:14,37335162,7910,498,11189645,60410,1460,1200,1405.8,113.0,240,40,122.9,44.0,171986,104.6,10631.0,24000,880000,20,37185822,4700.9,24000,880000,20,37185822,74699.1,24000,880000,20,1,0,0,0,158208,9956,96.3,12.6,40,1460,1275.5,475.0,225631.2,1,4,0,404,3571,0,0,0,0.1,1275.5,1405.8,122.9,2,1,0,1,1,0,7910,11189645,498,60410,64240,1024,7752,1200,11867578,800000,15783878,7832601,2699298,300000,3590066,1781536,Infiltration
443,6,28/02/2018 11:03:16,36473071,8062,519,11308402,60462,1460,1200,1426.0,93.0,240,40,123.3,44.0,181370,102.5,10626.1,24000,880000,20,36327179,4506.1,24000,880000,20,36327179,70002.9,24000,880000,20,1,0,0,0,161235,10378,92.8,12.9,40,1460,1291.9,468.7,219673.1,1,4,0,406,3643,0,0,0,0.1,1291.9,1426.0,123.3,2,1,0,1,1,0,8062,11308402,519,60462,64240,1024,7900,1200,12014055,800000,15978693,7929276,2838646,300000,3775399,1873506,Infiltration
8080,6,28/02/2018 11:03:18,36942696,8262,534,11698882,66350,1460,1200,1400.5,96.3,240,40,129.0,44.0,176414,107.0,9760.4,24000,880000,20,36794926,4453.4,24000,880000,20,36794926,68908.2,24000,880000,20,1,0,0,0,165245,10679,93.3,13.6,40,1460,1296.5,477.6,228107.1,1,4,0,408,3773,0,0,0,0.1,1296.5,1400.5,129.0,2,1,0,1,1,0,8262,11698882,534,66350,64240,1024,8097,1200,11597236,800000,15424323,7654176,2720725,300000,3618564,1795679,Infiltration
443,6,28/02/2018 11:03:20,36998886,8192,542,11338332,65991,1460,1200,1399.9,98.8,240,40,127.1,44.0,184963,108.1,9715.0,24000,880000,20,36850890,4498.6,24000,880000,20,36850890,67985.9,24000,880000,20,1,0,0,0,163832,10840,94.0,12.9,40,1460,1294.7,472.7,223448.3,1,4,0,410,3795,0,0,0,0.1,1294.7,1399.9,127.1,2,1,0,1,1,0,8192,11338332,542,65991,64240,1024,8027,1200,12375829,800000,16459853,8168047,2990498,300000,3977363,1973729,Infiltration
443,6,28/02/2018 11:03:22,37586413,8321,532,11498487,67210,1460,1200,1412.2,100.8,240,40,119.3,44.0,185783,102.2,10139.6,24000,880000,20,37436068,4498.7,24000,880000,20,37436068,70383.3,24000,880000,20,1,0,0,0,166429,10637,95.5,12.8,40,1460,1258.7,475.5,226058.7,1,4,0,412,3697,0,0,0,0.1,1258.7,1412.2,119.3,2,1,0,1,1,0,8321,11498487,532,67210,64240,1024,8155,1200,11722623,800000,15591089,7736931,2871300,300000,3818829,1895058,Infiltration
443,6,28/02/2018 11:03:24,37135618,8566,503,11987733,58111,1460,1200,1413.1,94.1,240,40,122.2,44.0,179633,106.8,10637.2,24000,880000,20,36987076,4317.7,24000,880000,20,36987076,73539.3,24000,880000,20,1,0,0,0,171328,10059,96.1,12.8,40,1460,1287.8,418.1,174806.5,1,4,0,414,3641,0,0,0,0.1,1287.8,1413.1,122.2,2,1,0,1,1,0,8566,11987733,503,58111,64240,1024,8395,1200,12578575,800000,16729505,8301859,3062219,300000,4072751,2021064,Infiltration
4444,6,28/02/2018 11:03:26,37413390,8528,518,11807813,67559,1460,1200,1421.6,97.6,240,40,134.4,44.0,180374,102.8,10446.4,24000,880000,20,37263736,4369.4,24000,880000,20,37263736,72004.2,24000,880000,20,1,0,0,0,170566,10350,92.9,13.5,40,1460,1261.9,471.4,222213.0,1,4,0,416,3489,0,0,0,0.1,1261.9,1421.6,134.4,2,1,0,1,1,0,8528,11807813,518,67559,64240,1024,8357,1200,11705972,800000,15568943,7725942,2756780,300000,3666517,1819475,Infiltration
443,6,28/02/2018 11:03:28,36927102,8362,554,11584665,65700,1460,1200,1421.7,102.4,240,40,129.5,44.0,179722,106.4,9808.7,24000,880000,20,36779393,4398.5,24000,880000,20,36779393,66396.7,24000,880000,20,1,0,0,0,167237,11078,96.6,13.0,40,1460,1276.5,466.9,218025.4,1,4,0,418,3652,0,0,0,0.1,1276.5,1421.7,129.5,2,1,0,1,1,0,8362,11584665,554,65700,64240,1024,8194,1200,12198227,800000,16223642,8050830,3122224,300000,4152558,2060668,Infiltration
443,6,28/02/2018 11:03:30,36902564,8318,546,11486449,64777,1460,1200,1418.7,108.7,240,40,136.6,44.0,180549,103.0,10277.0,24000,880000,20,36754954,4418.7,24000,880000,20,36754954,67327.7,24000,880000,20,1,0,0,0,166359,10918,97.5,13.4,40,1460,1258.5,460.1,211674.3,1,4,0,420,3503,0,0,0,0.1,1258.5,1418.7,136.6,2,1,0,1,1,0,8318,11486449,546,64777,64240,1024,8151,1200,11621016,800000,15455951,7669870,3114651,300000,4142486,2055670,Infiltration
8080,6,28/02/2018 11:03:32,36913528,8644,552,12319586,70641,1460,1200,1402.6,120.0,240,40,126.9,44.0,186993,103.5,10233.1,24000,880000,20,36765874,4253.3,24000,880000,20,36765874,66627.3,24000,880000,20,1,0,0,0,172880,11036,93.6,13.0,40,1460,1267.9,441.3,194745.5,1,4,0,422,3640,0,0,0,0.1,1267.9,1402.6,126.9,2,1,0,1,1,0,8644,12319586,552,70641,64240,1024,8471,1200,12147398,800000,16156040,8017283,2964768,300000,3943142,1956747,Infiltration
443,6,28/02/2018 11:03:34,37272130,8525,524,12076753,63941,1460,1200,1403.7,100.4,240,40,131.0,44.0,189578,108.2,9758.7,24000,880000,20,37123042,4354.5,24000,880000,20,37123042,70791.8,24000,880000,20,1,0,0,0,170502,10487,98.8,12.6,40,1460,1278.8,426.5,181887.3,1,4,0,424,3618,0,0,0,0.1,1278.8,1403.7,131.0,2,1,0,1,1,0,8525,12076753,524,63941,64240,1024,8354,1200,12072592,800000,16056547,7967911,3036699,300000,4038809,2004221,Infiltration
443,6,28/02/2018 11:03:36,37827394,8495,522,11761442,62965,1460,1200,1425.8,114.2,240,40,129.6,44.0,174889,104.1,9996.7,24000,880000,20,37676084,4435.3,24000,880000,20,37676084,72232.7,24000,880000,20,1,0,0,0,169891,10431,95.4,13.1,40,1460,1259.7,469.0,219981.5,1,4,0,426,3653,0,0,0,0.1,1259.7,1425.8,129.6,2,1,0,1,1,0,8495,11761442,522,62965,64240,1024,8324,1200,12574338,800000,16723869,8299063,2775888,300000,3691931,1832086,Infiltration
443,6,28/02/2018 11:03:38,36969828,8781,526,12200135,67416,1460,1200,1405.6,106.5,240,40,130.5,44.0,188497,103.6,9904.0,24000,880000,20,36821949,4193.2,24000,880000,20,36821949,69984.6,24000,880000,20,1,0,0,0,175625,10522,94.8,12.8,40,1460,1285.3,476.2,226779.9,1,4,0,428,3795,0,0,0,0.1,1285.3,1405.6,130.5,2,1,0,1,1,0,8781,12200135,526,67416,64240,1024,8605,1200,11833520,800000,15738582,7810123,3123400,300000,4154122,2061444,Infiltration
8080,6,28/02/2018 11:03:40,38108394,8928,567,12473885,66486,1460,1200,1419.9,92.3,240,40,122.7,44.0,188016,107.4,9969.9,24000,880000,20,37955960,4251.2,24000,880000,20,37955960,66977.2,24000,880000,20,1,0,0,0,178564,11333,96.6,13.0,40,1460,1277.7,441.8,195181.8,1,4,0,430,3862,0,0,0,0.1,1277.7,1419.9,122.7,2,1,0,1,1,0,8928,12473885,567,66486,64240,1024,8749,1200,12115388,800000,16113466,7996156,2947328,300000,3919947,1945237,Infiltration
4444,6,28/02/2018 11:03:42,38152804,8888,568,12433410,71924,1460,1200,1426.0,111.9,240,40,119.5,44.0,190764,106.4,9852.4,24000,880000,20,38000193,4275.3,24000,880000,20,38000193,66940.5,24000,880000,20,1,0,0,0,177767,11353,94.5,12.8,40,1460,1277.6,472.4,223172.8,1,4,0,432,3662,0,0,0,0.1,1277.6,1426.0,119.5,2,1,0,1,1,0,8888,12433410,568,71924,64240,1024,8710,1200,12663798,800000,16842851,8358107,3068541,300000,4081160,2025237,Infiltration
443,6,28/02/2018 11:03:44,37587194,9134,547,12873573,61993,1460,1200,1409.4,92.1,240,40,123.4,44.0,187944,108.8,9828.7,24000,880000,20,37436845,4098.8,24000,880000,20,37436845,68463.0,24000,880000,20,1,0,0,0,182670,10936,98.6,13.8,40,1460,1295.3,461.8,213279.3,1,4,0,434,3867,0,0,0,0.1,1295.3,1409.4,123.4,2,1,0,1,1,0,9134,12873573,547,61993,64240,1024,8950,1200,12934413,800000,17202769,8536713,2824120,300000,3756080,1863919,Infiltration
4444,6,28/02/2018 11:03:46,38548614,9220,561,12985270,66728,1460,1200,1420.5,112.1,240,40,131.2,44.0,183273,109.5,9831.2,24000,880000,20,38394419,4164.3,24000,880000,20,38394419,68451.1,24000,880000,20,1,0,0,0,184400,11218,97.8,14.0,40,1460,1272.3,465.2,216434.4,1,4,0,436,3718,0,0,0,0.1,1272.3,1420.5,131.2,2,1,0,1,1,0,9220,12985270,561,66728,64240,1024,9035,1200,12642320,800000,16814286,8343931,3038651,300000,4041406,2005510,Infiltration
443,6,28/02/2018 11:03:48,38766628,9043,538,12522808,68000,1460,1200,1402.4,110.1,240,40,128.1,44.0,191832,107.3,9787.6,24000,880000,20,38611561,4269.9,24000,880000,20,38611561,71788.1,24000,880000,20,1,0,0,0,180854,10757,99.9,13.6,40,1460,1273.3,485.6,235839.4,1,4,0,438,3581,0,0,0,0.1,1273.3,1402.4,128.1,2,1,0,1,1,0,9043,12522808,538,68000,64240,1024,8861,1200,11997868,800000,15957165,7918593,3019052,300000,4015339,1992574,Infiltration
8080,6,28/02/2018 11:03:50,37356869,9272,533,13239613,62621,1460,1200,1419.3,115.3,240,40,129.0,44.0,185475,105.8,10255.5,24000,880000,20,37207442,4012.7,24000,880000,20,37207442,69792.1,24000,880000,20,1,0,0,0,185447,10662,98.0,12.8,40,1460,1272.7,448.7,201356.4,1,4,0,440,3752,0,0,0,0.1,1272.7,1419.3,129.0,2,1,0,1,1,0,9272,13239613,533,62621,64240,1024,9086,1200,12826362,800000,17059061,8465399,2848508,300000,3788515,1880015,Infiltration
443,6,28/02/2018 11:03:52,38330896,9003,530,12420346,64577,1460,1200,1401.6,96.3,240,40,124.9,44.0,180290,106.1,9663.2,24000,880000,20,38177572,4240.6,24000,880000,20,38177572,72046.7,24000,880000,20,1,0,0,0,180055,10598,96.2,13.7,40,1460,1278.7,476.7,227261.9,1,4,0,442,3865,0,0,0,0.1,1278.7,1401.6,124.9,2,1,0,1,1,0,9003,12420346,530,64577,64240,1024,8822,1200,12260146,800000,16305994,8091696,3266894,300000,4344969,2156150,Infiltration
8443,6,28/02/2018 11:03:54,38855315,9415,561,13179855,68675,1460,1200,1414.8,103.1,240,40,132.3,44.0,189267,109.0,9884.3,24000,880000,20,38699894,4110.3,24000,880000,20,38699894,68944.3,24000,880000,20,1,0,0,0,188309,11226,98.1,12.9,40,1460,1278.3,433.3,187768.7,1,4,0,444,3847,0,0,0,0.1,1278.3,1414.8,132.3,2,1,0,1,1,0,9415,13179855,561,68675,64240,1024,9227,1200,12013073,800000,15977388,7928628,2883681,300000,3835295,1903229,Infiltration
443,6,28/02/2018 11:03:56,38070660,9451,551,13175692,61909,1460,1200,1407.6,114.3,240,40,124.8,44.0,178907,108.3,10137.1,24000,880000,20,37918378,4012.2,24000,880000,20,37918378,68836.4,24000,880000,20,1,0,0,0,189013,11016,98.3,13.5,40,1460,1294.2,473.0,223722.5,1,4,0,446,3658,0,0,0,0.1,1294.2,1407.6,124.8,2,1,0,1,1,0,9451,13175692,551,61909,64240,1024,9261,1200,12144548,800000,16152249,8015402,3154693,300000,4195742,2082098,Infiltration
443,6,28/02/2018 11:03:58,38087829,9060,548,12919853,66959,1460,1200,1406.4,106.6,240,40,123.5,44.0,176112,109.8,9902.7,24000,880000,20,37935478,4187.0,24000,880000,20,37935478,69229.7,24000,880000,20,1,0,0,0,181207,10959,100.4,13.1,40,1460,1297.4,454.4,206495.6,1,4,0,448,3563,0,0,0,0.1,1297.4,1406.4,123.5,2,1,0,1,1,0,9060,12919853,548,66959,64240,1024,8879,1200,12102956,800000,16096931,7987951,3085783,300000,4104091,2036617,Infiltration
4444,6,28/02/2018 11:04:00,37890747,9537,581,13290460,67671,1460,1200,1426.0,93.4,240,40,126.4,44.0,178047,106.7,10562.0,24000,880000,20,37739184,3957.3,24000,880000,20,37739184,65006.7,24000,880000,20,1,0,0,0,190732,11610,98.4,14.0,40,1460,1287.4,481.4,231744.2,1,4,0,450,3632,0,0,0,0.1,1287.4,1426.0,126.4,2,1,0,1,1,0,9537,13290460,581,67671,64240,1024,9345,1200,12248415,800000,16290392,8083954,3088625,300000,4107871,2038492,Infiltration
8443,6,28/02/2018 11:04:02,38323421,9520,562,13426858,72247,1460,1200,1424.6,112.9,240,40,129.4,44.0,188506,110.1,10078.5,24000,880000,20,38170127,4009.4,24000,880000,20,38170127,67885.5,24000,880000,20,1,0,0,0,190401,11245,99.1,13.1,40,1460,1289.4,483.6,233823.1,1,4,0,452,3603,0,0,0,0.1,1289.4,1424.6,129.4,2,1,0,1,1,0,9520,13426858,562,72247,64240,1024,9329,1200,12326467,800000,16394201,8135468,2908468,300000,3868263,1919589,Infiltration
443,6,28/02/2018 11:04:04,38850058,9745,572,13543187,66543,1460,1200,1412.4,101.3,240,40,130.2,44.0,185142,105.7,10008.7,24000,880000,20,38694657,3970.8,24000,880000,20,38694657,67685.0,24000,880000,20,1,0,0,0,194894,11433,97.0,14.2,40,1460,1295.8,431.2,185904.2,1,4,0,454,3746,0,0,0,0.1,1295.8,1412.4,130.2,2,1,0,1,1,0,9745,13543187,572,66543,64240,1024,9549,1200,12145189,800000,16153102,8015825,3284423,300000,4368282,2167719,Infiltration
8443,6,28/02/2018 11:04:06,39051360,9852,580,13967482,72010,1460,1200,1404.3,110.1,240,40,131.7,44.0,183331,109.5,10050.0,24000,880000,20,38895155,3947.9,24000,880000,20,38895155,67110.1,24000,880000,20,1,0,0,0,197044,11591,95.6,14.2,40,1460,1272.8,487.5,237692.9,1,4,0,456,3630,0,0,0,0.1,1272.8,1404.3,131.7,2,1,0,1,1,0,9852,13967482,580,72010,64240,1024,9655,1200,13047974,800000,17353806,8611663,3287210,300000,4371989,2169558,Infiltration
443,6,28/02/2018 11:04:08,38704445,9730,595,13608501,72970,1460,1200,1410.9,99.6,240,40,128.7,44.0,192747,111.7,10100.2,24000,880000,20,38549627,3961.9,24000,880000,20,38549627,64808.0,24000,880000,20,1,0,0,0,194601,11896,99.1,13.2,40,1460,1292.7,429.9,184790.5,1,4,0,458,3744,0,0,0,0.1,1292.7,1410.9,128.7,2,1,0,1,1,0,9730,13608501,595,72970,64240,1024,9535,1200,12316737,800000,16381260,8129046,2860258,300000,3804143,1887770,Infiltration
443,6,28/02/2018 11:04:10,39080104,9462,589,13476585,70055,1460,1200,1427.7,100.9,240,40,128.6,44.0,188357,106.1,10476.6,24000,880000,20,38923783,4113.7,24000,880000,20,38923783,66122.9,24000,880000,20,1,0,0,0,189240,11773,101.1,13.6,40,1460,1276.7,477.4,227955.9,1,4,0,460,3676,0,0,0,0.1,1276.7,1427.7,128.6,2,1,0,1,1,0,9462,13476585,589,70055,64240,1024,9272,1200,12546117,800000,16686336,8280438,2987712,300000,3973657,1971890,Infiltration
8080,6,28/02/2018 11:04:12,39017054,9828,550,13967742,67683,1460,1200,1402.2,101.9,240,40,129.9,44.0,176966,107.3,9932.5,24000,880000,20,38860985,3954.0,24000,880000,20,38860985,70712.4,24000,880000,20,1,0,0,0,196564,10991,96.8,13.1,40,1460,1251.6,484.5,234742.4,1,4,0,462,3634,0,0,0,0.1,1251.6,1402.2,129.9,2,1,0,1,1,0,9828,13967742,550,67683,64240,1024,9631,1200,13297489,800000,17685661,8776343,3263202,300000,4340059,2153713,Infiltration
8080,6,28/02/2018 11:04:14,38903979,9524,583,13233943,70233,1460,1200,1408.0,120.2,240,40,122.1,44.0,181879,110.6,9885.0,24000,880000,20,38748363,4068.3,24000,880000,20,38748363,66499.3,24000,880000,20,1,0,0,0,190489,11653,100.1,13.6,40,1460,1253.8,463.2,214516.9,1,4,0,464,3921,0,0,0,0.1,1253.8,1408.0,122.1,2,1,0,1,1,0,9524,13233943,583,70233,64240,1024,9333,1200,13144495,800000,17482178,8675367,3038796,300000,4041599,2005606,Infiltration
8080,6,28/02/2018 11:04:16,38345453,10138,594,14286545,76410,1460,1200,1411.8,124.5,240,40,135.9,44.0,188280,106.7,9947.0,24000,880000,20,38192072,3767.2,24000,880000,20,38192072,64254.3,24000,880000,20,1,0,0,0,202759,11887,101.2,14.2,40,1460,1254.2,420.8,177031.9,1,4,0,466,3662,0,0,0,0.1,1254.2,1411.8,135.9,2,1,0,1,1,0,10138,14286545,594,76410,64240,1024,9935,1200,13276088,800000,17657197,8762218,2885130,300000,3837223,1904186,Infiltration
443,6,28/02/2018 11:04:18,38628905,9741,604,13559758,78279,1460,1200,1405.8,111.7,240,40,122.1,44.0,181664,109.8,10348.3,24000,880000,20,38474389,3949.9,24000,880000,20,38474389,63744.7,24000,880000,20,1,0,0,0,194810,12071,96.4,14.1,40,1460,1278.7,445.3,198258.9,1,4,0,468,3620,0,0,0,0.1,1278.7,1405.8,122.1,2,1,0,1,1,0,9741,13559758,604,78279,64240,1024,9545,1200,13465468,800000,17909072,8887209,2956823,300000,3932575,1951503,Infiltration
8080,6,28/02/2018 11:04:20,38375456,10268,560,14317854,69080,1460,1200,1417.6,117.6,240,40,124.6,44.0,191896,110.7,9673.2,24000,880000,20,38221954,3722.3,24000,880000,20,38221954,68204.7,24000,880000,20,1,0,0,0,205369,11208,100.2,14.6,40,1460,1300.4,464.5,215722.5,1,4,0,470,3634,0,0,0,0.1,1300.4,1417.6,124.6,2,1,0,1,1,0,10268,14317854,560,69080,64240,1024,10063,1200,12930843,800000,17198021,8534356,3165330,300000,4209889,2089118,Infiltration
8080,6,28/02/2018 11:04:22,38928804,9807,564,13579509,74108,1460,1200,1405.8,113.5,240,40,123.8,44.0,193263,110.9,9907.2,24000,880000,20,38773089,3953.8,24000,880000,20,38773089,68743.0,24000,880000,20,1,0,0,0,196132,11280,100.9,13.8,40,1460,1298.9,478.7,229121.3,1,4,0,472,3824,0,0,0,0.1,1298.9,1405.8,123.8,2,1,0,1,1,0,9807,13579509,564,74108,64240,1024,9610,1200,12471958,800000,16587704,8231492,2967975,300000,3947407,1958864,Infiltration
443,6,28/02/2018 11:04:24,38498888,10162,599,14170138,78208,1460,1200,1406.0,108.0,240,40,129.3,44.0,190249,112.6,10017.3,24000,880000,20,38344892,3773.3,24000,880000,20,38344892,64051.3,24000,880000,20,1,0,0,0,203243,11973,102.4,14.6,40,1460,1278.3,424.4,180106.5,1,4,0,474,3994,0,0,0,0.1,1278.3,1406.0,129.3,2,1,0,1,1,0,10162,14170138,599,78208,64240,1024,9958,1200,13187256,800000,17539050,8703589,3017004,300000,4012615,1991222,Infiltration
443,6,28/02/2018 11:04:26,39429601,10303,588,14367684,67149,1460,1200,1417.8,123.9,240,40,131.4,44.0,193362,108.5,9710.2,24000,880000,20,39271883,3811.6,24000,880000,20,39271883,66776.7,24000,880000,20,1,0,0,0,206065,11762,101.1,14.1,40,1460,1264.7,479.0,229431.8,1,4,0,476,3949,0,0,0,0.1,1264.7,1417.8,131.4,2,1,0,1,1,0,10303,14367684,588,67149,64240,1024,10097,1200,12769502,800000,16983437,8427871,3077926,300000,4093642,2031431,Infiltration
8443,6,28/02/2018 11:04:28,39856635,9960,604,14137263,72390,1460,1200,1406.8,122.7,240,40,131.1,44.0,194848,109.7,9973.3,24000,880000,20,39697208,3985.8,24000,880000,20,39697208,65720.7,24000,880000,20,1,0,0,0,199190,12080,102.5,14.3,40,1460,1261.6,439.6,193238.1,1,4,0,478,3645,0,0,0,0.1,1261.6,1406.8,131.1,2,1,0,1,1,0,9960,14137263,604,72390,64240,1024,9760,1200,13019348,800000,17315733,8592770,3239173,300000,4308100,2137854,Infiltration
443,6,28/02/2018 11:04:30,39753184,10053,583,14048112,66178,1460,1200,1402.3,104.4,240,40,139.1,44.0,184884,109.8,10439.1,24000,880000,20,39594171,3938.6,24000,880000,20,39594171,67879.6,24000,880000,20,1,0,0,0,201056,11666,99.5,13.4,40,1460,1293.3,482.6,232862.4,1,4,0,480,3930,0,0,0,0.1,1293.3,1402.3,139.1,2,1,0,1,1,0,10053,14048112,583,66178,64240,1024,9851,1200,13693564,800000,18212440,9037752,3063649,300000,4074654,2022009,Infiltration
8080,6,28/02/2018 11:04:32,38814323,10211,575,14443248,66946,1460,1200,1415.0,104.6,240,40,121.3,44.0,192072,107.5,10258.2,24000,880000,20,38659066,3786.0,24000,880000,20,38659066,67263.9,24000,880000,20,1,0,0,0,204219,11494,99.3,13.7,40,1460,1273.0,484.3,234551.7,1,4,0,482,3862,0,0,0,0.1,1273.0,1415.0,121.3,2,1,0,1,1,0,10211,14443248,575,66946,64240,1024,10006,1200,12432210,800000,16534839,8205259,3290075,300000,4375800,2171450,Infiltration
8443,6,28/02/2018 11:04:34,39378682,10447,600,14387627,74983,1460,1200,1427.4,105.1,240,40,126.2,44.0,179708,113.6,9666.4,24000,880000,20,39221168,3754.5,24000,880000,20,39221168,65419.1,24000,880000,20,1,0,0,0,208930,11990,98.4,14.7,40,1460,1287.7,481.6,231965.7,1,4,0,484,3685,0,0,0,0.1,1287.7,1427.4,126.2,2,1,0,1,1,0,10447,14387627,600,74983,64240,1024,10237,1200,13323958,800000,17720864,8793812,3067408,300000,4079653,2024490,Infiltration
8443,6,28/02/2018 11:04:36,40072419,10556,587,14831408,67339,1460,1200,1415.0,115.3,240,40,124.0,44.0,189654,113.4,10091.9,24000,880000,20,39912130,3780.9,24000,880000,20,39912130,67940.6,24000,880000,20,1,0,0,0,211125,11749,101.6,14.7,40,1460,1281.3,448.0,200738.4,1,4,0,486,3931,0,0,0,0.1,1281.3,1415.0,124.0,2,1,0,1,1,0,10556,14831408,587,67339,64240,1024,10345,1200,12828187,800000,17061488,8466603,3113845,300000,4141414,2055138,Infiltration
8080,6,28/02/2018 11:04:38,39265167,10296,625,14609545,78768,1460,1200,1414.7,111.6,240,40,122.0,44.0,195240,109.6,10258.5,24000,880000,20,39108107,3798.2,24000,880000,20,39108107,62532.2,24000,880000,20,1,0,0,0,205928,12508,100.2,13.7,40,1460,1297.2,423.2,179081.6,1,4,0,488,4011,0,0,0,0.1,1297.2,1414.7,122.0,2,1,0,1,1,0,10296,14609545,625,78768,64240,1024,10090,1200,13632981,800000,18131865,8997768,2959969,300000,3936759,1953580,Infiltration
443,6,28/02/2018 11:04:40,40243042,10572,578,14913479,66496,1460,1200,1417.0,104.6,240,40,128.8,44.0,186390,110.8,9920.0,24000,880000,20,40082069,3791.4,24000,880000,20,40082069,69306.0,24000,880000,20,1,0,0,0,211435,11566,98.6,13.7,40,1460,1256.5,463.9,215233.0,1,4,0,490,4046,0,0,0,0.1,1256.5,1417.0,128.8,2,1,0,1,1,0,10572,14913479,578,66496,64240,1024,10360,1200,12824904,800000,17057122,8464437,3437821,300000,4572301,2268962,Infiltration
4444,6,28/02/2018 11:04:42,39528381,10511,613,14728096,71400,1460,1200,1402.1,120.2,240,40,123.1,44.0,193378,113.7,10396.0,24000,880000,20,39370268,3745.6,24000,880000,20,39370268,64211.8,24000,880000,20,1,0,0,0,210218,12262,101.7,14.3,40,1460,1270.2,484.9,235149.2,1,4,0,492,3852,0,0,0,0.1,1270.2,1402.1,123.1,2,1,0,1,1,0,10511,14728096,613,71400,64240,1024,10300,1200,13136733,800000,17471855,8670244,3166741,300000,4211765,2090049,Infiltration
443,6,28/02/2018 11:04:44,40203700,10446,595,14926042,74914,1460,1200,1421.9,106.4,240,40,120.3,44.0,189942,108.7,10206.8,24000,880000,20,40042886,3833.5,24000,880000,20,40042886,67245.5,24000,880000,20,1,0,0,0,208911,11909,102.0,14.6,40,1460,1280.1,469.0,219968.6,1,4,0,494,3979,0,0,0,0.1,1280.1,1421.9,120.3,2,1,0,1,1,0,10446,14926042,595,74914,64240,1024,10236,1200,13410253,800000,17835636,8850767,3364743,300000,4475108,2220730,Infiltration
8443,6,28/02/2018 11:04:46,40115075,10712,601,15184357,71927,1460,1200,1425.6,103.5,240,40,139.7,44.0,193593,108.7,9669.5,24000,880000,20,39954615,3730.0,24000,880000,20,39954615,66493.8,24000,880000,20,1,0,0,0,214232,12017,103.5,14.3,40,1460,1254.4,483.7,234010.9,1,4,0,496,3769,0,0,0,0.1,1254.4,1425.6,139.7,2,1,0,1,1,0,10712,15184357,601,71927,64240,1024,10497,1200,13361816,800000,17771215,8818799,3341230,300000,4443835,2205212,Infiltration
8080,6,28/02/2018 11:04:48,40290337,10842,625,14973260,82250,1460,1200,1408.6,104.0,240,40,130.2,44.0,197727,110.1,9787.2,24000,880000,20,40129176,3701.3,24000,880000,20,40129176,64184.2,24000,880000,20,1,0,0,0,216839,12504,101.2,15.0,40,1460,1262.8,448.2,200889.3,1,4,0,498,3865,0,0,0,0.1,1262.8,1408.6,130.2,2,1,0,1,1,0,10842,14973260,625,82250,64240,1024,10625,1200,13933046,800000,18530951,9195810,3414968,300000,4541907,2253879,Infiltration
443,6,28/02/2018 11:04:50,40355798,10733,590,15133377,74270,1460,1200,1402.5,124.8,240,40,131.3,44.0,197140,109.7,10077.0,24000,880000,20,40194374,3744.9,24000,880000,20,40194374,68080.4,24000,880000,20,1,0,0,0,214659,11807,103.1,13.7,40,1460,1274.3,450.6,203085.3,1,4,0,500,3770,0,0,0,0.1,1274.3,1402.5,131.3,2,1,0,1,1,0,10733,15133377,590,74270,64240,1024,10518,1200,13563069,800000,18038882,8951625,3306691,300000,4397900,2182416,Infiltration
8080,6,28/02/2018 11:04:52,40709409,10727,588,14889361,75775,1460,1200,1420.8,125.7,240,40,128.0,44.0,190256,109.6,10503.5,24000,880000,20,40546572,3779.9,24000,880000,20,40546572,68932.7,24000,880000,20,1,0,0,0,214535,11764,102.0,13.9,40,1460,1289.1,495.7,245734.9,1,4,0,502,3907,0,0,0,0.1,1289.1,1420.8,128.0,2,1,0,1,1,0,10727,14889361,588,75775,64240,1024,10512,1200,12950512,800000,17224181,8547338,3492387,300000,4644875,2304976,Infiltration
4444,6,28/02/2018 11:04:54,40758952,11303,585,15735534,70225,1460,1200,1417.0,120.1,240,40,124.9,44.0,192122,114.4,9820.9,24000,880000,20,40595917,3591.7,24000,880000,20,40595917,69358.5,24000,880000,20,1,0,0,0,226052,11706,103.7,13.9,40,1460,1270.3,491.5,241534.3,1,4,0,504,3828,0,0,0,0.1,1270.3,1417.0,124.9,2,1,0,1,1,0,11303,15735534,585,70225,64240,1024,11076,1200,13723469,800000,18252213,9057489,3400814,300000,4523082,2244537,Infiltration
8443,6,28/02/2018 11:04:56,40626723,11364,629,15911978,76537,1460,1200,1406.6,117.7,240,40,135.9,44.0,196649,110.5,9884.1,24000,880000,20,40464216,3560.8,24000,880000,20,40464216,64306.9,24000,880000,20,1,0,0,0,227276,12584,103.5,14.5,40,1460,1259.6,486.4,236621.2,1,4,0,506,3852,0,0,0,0.1,1259.6,1406.6,135.9,2,1,0,1,1,0,11364,15911978,629,76537,64240,1024,11136,1200,12861555,800000,17105868,8488626,3033190,300000,4034143,2001906,Infiltration
443,6,28/02/2018 11:04:58,40859801,11237,629,16028534,80566,1460,1200,1404.6,110.8,240,40,126.2,44.0,193361,109.0,9551.8,24000,880000,20,40696361,3621.7,24000,880000,20,40696361,64670.3,24000,880000,20,1,0,0,0,224735,12585,101.5,14.0,40,1460,1261.4,440.9,194421.4,1,4,0,508,3999,0,0,0,0.1,1261.4,1404.6,126.2,2,1,0,1,1,0,11237,16028534,629,80566,64240,1024,11012,1200,12902436,800000,17160240,8515608,3431123,300000,4563394,2264541,Infiltration
443,6,02/03/2018 10:15:00,8969897,24,12,2867,2373,240,60,139.3,58.8,240,60,125.1,50.0,570,3.0,28744357.3,8000000,31000000,29000000,8999601,369471.8,8000000,31000000,29000000,8951269,747327.8,8000000,31000000,29000000,1,0,0,0,487,239,2.0,1.0,60,240,140.1,56.7,3216.4,1,2,0,6,41,0,0,0,1,140.1,139.3,125.1,0,0,0,0,0,0,24,3393,12,1499,29200,64240,21,60,839080,90000,1048851,629310,15484500,900000,16413570,14400585,Bot
443,6,02/03/2018 10:15:02,8900148,24,12,2890,2508,240,60,139.5,70.4,240,60,128.0,50.0,597,3.0,28161540.4,8000000,31000000,29000000,8788563,360728.0,8000000,31000000,29000000,8989698,768676.2,8000000,31000000,29000000,1,0,0,0,487,233,2.0,1.0,60,240,135.3,59.9,3591.0,0,2,0,6,38,0,0,0,1,135.3,139.5,128.0,0,0,0,0,0,0,24,3399,12,1496,29200,64240,21,60,827512,90000,1034390,620634,15051785,900000,15954892,13998160,Bot
80,6,02/03/2018 10:15:04,8902747,25,12,3106,2396,240,60,138.2,70.0,240,60,125.0,50.0,581,3.0,27389338.2,8000000,31000000,29000000,8796057,358157.8,8000000,31000000,29000000,8798007,711320.9,8000000,31000000,29000000,1,0,0,0,491,247,2.0,1.0,60,240,130.4,56.9,3241.0,1,2,0,6,43,0,0,0,1,130.4,138.2,125.0,0,0,0,0,0,0,25,3393,12,1547,29200,64240,22,60,808144,90000,1010180,606108,15003691,900000,15903913,13953433,Bot
6667,6,02/03/2018 10:15:06,9004612,27,13,3127,2451,240,60,139.8,53.0,240,60,132.8,50.0,602,3.0,27310144.6,8000000,31000000,29000000,8990680,337439.0,8000000,31000000,29000000,9035422,721581.5,8000000,31000000,29000000,1,0,0,0,532,250,2.0,1.0,60,240,139.3,62.0,3847.0,0,2,0,6,37,0,0,0,1,139.3,139.8,132.8,0,0,0,0,0,0,27,3724,13,1663,29200,64240,23,60,827995,90000,1034994,620996,14555516,900000,15428846,13536629,Bot
443,6,02/03/2018 10:15:08,8971612,26,13,2989,2557,240,60,139.6,55.1,240,60,125.2,50.0,551,3.0,28473626.7,8000000,31000000,29000000,8970178,348542.1,8000000,31000000,29000000,8982000,667287.3,8000000,31000000,29000000,1,0,0,0,514,269,2.0,1.0,60,240,133.0,61.7,3811.5,1,2,0,6,37,0,0,0,1,133.0,139.6,125.2,0,0,0,0,0,0,26,3592,13,1685,29200,64240,23,60,797670,90000,997088,598253,14686176,900000,15567347,13658144,Bot
6667,6,02/03/2018 10:15:10,9429154,27,13,3376,2589,240,60,143.3,57.7,240,60,129.5,50.0,620,3.0,28604651.7,8000000,31000000,29000000,9255579,342589.6,8000000,31000000,29000000,8838721,661933.7,8000000,31000000,29000000,1,0,0,0,540,267,2.0,1.0,60,240,132.6,56.7,3211.0,0,2,0,6,37,0,0,0,1,132.6,143.3,129.5,0,0,0,0,0,0,27,3870,13,1730,29200,64240,24,60,808377,90000,1010471,606283,14958711,900000,15856234,13911601,Bot
443,6,02/03/2018 10:15:12,9151762,27,14,3204,2810,240,60,142.9,53.3,240,60,124.9,50.0,579,3.0,27900345.3,8000000,31000000,29000000,9131314,336721.8,8000000,31000000,29000000,9366994,661652.4,8000000,31000000,29000000,1,0,0,0,542,283,2.0,1.0,60,240,137.7,59.1,3496.4,1,2,0,6,39,0,0,0,1,137.7,142.9,124.9,0,0,0,0,0,0,27,3875,14,1769,29200,64240,24,60,845931,90000,1057413,634448,14929554,900000,15825327,13884485,Bot
80,6,02/03/2018 10:15:14,9413866,29,15,3431,2870,240,60,142.8,65.1,240,60,125.8,50.0,552,3.0,28114590.8,8000000,31000000,29000000,9432702,330879.6,8000000,31000000,29000000,9038374,610942.0,8000000,31000000,29000000,1,0,0,0,570,295,2.0,1.0,60,240,140.3,62.9,3953.3,0,2,0,7,37,0,0,0,1,140.3,142.8,125.8,0,0,0,0,0,0,29,4072,15,1861,29200,64240,25,60,824215,90000,1030269,618161,14883077,900000,15776062,13841262,Bot
443,6,02/03/2018 10:15:16,9383161,30,15,3772,2918,240,60,143.0,70.8,240,60,136.4,50.0,549,3.0,28612442.6,8000000,31000000,29000000,9237224,311740.0,8000000,31000000,29000000,8988259,617546.8,8000000,31000000,29000000,1,0,0,0,592,291,2.0,1.0,60,240,134.8,55.2,3047.7,1,2,0,7,43,0,0,0,1,134.8,143.0,136.4,0,0,0,0,0,0,30,4236,15,1985,29200,64240,26,60,818117,90000,1022647,613588,15435221,900000,16361335,14354756,Bot
6667,6,02/03/2018 10:15:18,9433029,31,15,3906,2867,240,60,142.5,58.2,240,60,130.0,50.0,608,3.0,28017558.0,8000000,31000000,29000000,9034166,292394.3,8000000,31000000,29000000,9422864,626181.3,8000000,31000000,29000000,1,0,0,0,617,300,2.0,1.0,60,240,137.5,64.7,4181.7,0,2,0,7,41,0,0,0,1,137.5,142.5,130.0,0,0,0,0,0,0,31,4404,15,1956,29200,64240,27,60,798437,90000,998046,598828,15615785,900000,16552732,14522680,Bot
80,6,02/03/2018 10:15:20,9289465,29,16,3407,2960,240,60,142.0,70.3,240,60,129.5,50.0,540,3.0,27152232.9,8000000,31000000,29000000,9376466,324816.9,8000000,31000000,29000000,9280891,593007.0,8000000,31000000,29000000,1,0,0,0,577,313,2.0,1.0,60,240,141.3,63.1,3985.0,1,2,0,7,44,0,0,0,1,141.3,142.0,129.5,0,0,0,0,0,0,29,4100,16,2027,29200,64240,25,60,872058,90000,1090073,654044,15505923,900000,16436279,14420509,Bot
443,6,02/03/2018 10:15:22,9533141,31,15,3840,2922,240,60,140.6,70.7,240,60,129.7,50.0,613,3.0,28041870.1,8000000,31000000,29000000,9489949,303502.0,8000000,31000000,29000000,9359484,611629.0,8000000,31000000,29000000,1,0,0,0,625,306,2.0,1.0,60,240,132.8,55.7,3106.7,0,2,0,7,43,0,0,0,1,132.8,140.6,129.7,0,0,0,0,0,0,31,4397,15,1984,29200,64240,28,60,821899,90000,1027373,616424,15885450,900000,16838577,14773468,Bot
6667,6,02/03/2018 10:15:24,9622753,32,15,3883,2930,240,60,142.4,61.8,240,60,134.1,50.0,571,3.0,27621590.4,8000000,31000000,29000000,9129454,282395.7,8000000,31000000,29000000,9527126,640222.0,8000000,31000000,29000000,1,0,0,0,646,297,2.0,1.0,60,240,129.8,58.1,3373.5,1,2,0,7,38,0,0,0,1,129.8,142.4,134.1,0,0,0,0,0,0,32,4603,15,1995,29200,64240,29,60,855023,90000,1068778,641267,15069881,900000,15974074,14014989,Bot
6667,6,02/03/2018 10:15:26,9557193,33,16,4019,3472,240,60,144.7,55.3,240,60,136.1,50.0,553,3.0,28196783.6,8000000,31000000,29000000,9664874,292410.6,8000000,31000000,29000000,9420986,579277.5,8000000,31000000,29000000,1,0,0,0,661,325,2.0,1.0,60,240,135.2,56.0,3135.6,0,2,0,7,44,0,0,0,1,135.2,144.7,136.1,0,0,0,0,0,0,33,4781,16,2213,29200,64240,29,60,831919,90000,1039899,623939,15605801,900000,16542149,14513395,Bot
443,6,02/03/2018 10:15:28,9390629,34,17,4067,3211,240,60,144.9,60.7,240,60,136.2,50.0,585,3.0,27748775.7,8000000,31000000,29000000,9568397,280448.1,8000000,31000000,29000000,9490587,573935.9,8000000,31000000,29000000,1,0,0,0,682,330,2.0,1.0,60,240,142.1,61.9,3828.2,1,2,0,8,39,0,0,0,1,142.1,144.9,136.2,0,0,0,0,0,0,34,4943,17,2252,29200,64240,30,60,819914,90000,1024893,614936,14804946,900000,15693242,13768599,Bot
6667,6,02/03/2018 10:15:30,9535930,32,17,3909,3353,240,60,142.9,68.5,240,60,135.5,50.0,547,3.0,28149194.8,8000000,31000000,29000000,9592076,295398.8,8000000,31000000,29000000,9741751,570406.2,8000000,31000000,29000000,1,0,0,0,649,341,2.0,1.0,60,240,132.3,61.2,3747.9,0,2,0,8,45,0,0,0,1,132.3,142.9,135.5,0,0,0,0,0,0,32,4641,17,2315,29200,64240,29,60,855487,90000,1069359,641615,14970057,900000,15868261,13922153,Bot
6667,6,02/03/2018 10:15:32,9785249,34,17,4233,3439,240,60,138.4,66.4,240,60,130.6,50.0,602,3.0,27153568.2,8000000,31000000,29000000,9447101,275277.7,8000000,31000000,29000000,9767617,560665.6,8000000,31000000,29000000,1,0,0,0,686,348,2.0,1.0,60,240,134.3,58.3,3394.4,1,2,0,8,45,0,0,0,1,134.3,138.4,130.6,0,0,0,0,0,0,34,4750,17,2276,29200,64240,30,60,900811,90000,1126013,675608,15803012,900000,16751193,14696801,Bot
443,6,02/03/2018 10:15:34,9954127,36,16,4366,3180,240,60,142.3,60.5,240,60,127.5,50.0,551,3.0,27525265.6,8000000,31000000,29000000,9342715,261119.6,8000000,31000000,29000000,9588778,590216.2,8000000,31000000,29000000,1,0,0,0,715,324,2.0,1.0,60,240,141.1,65.5,4288.9,0,2,0,8,44,0,0,0,1,141.1,142.3,127.5,0,0,0,0,0,0,36,5092,16,2072,29200,64240,32,60,829322,90000,1036652,621991,15190202,900000,16101615,14126888,Bot
6667,6,02/03/2018 10:15:36,9469990,37,17,4327,3317,240,60,139.2,64.3,240,60,134.0,50.0,551,3.0,28262170.1,8000000,31000000,29000000,9413266,254295.5,8000000,31000000,29000000,9735908,570109.5,8000000,31000000,29000000,1,0,0,0,740,341,2.0,1.0,60,240,130.6,64.1,4114.6,1,2,0,8,38,0,0,0,1,130.6,139.2,134.0,0,0,0,0,0,0,37,5154,17,2289,29200,64240,33,60,876606,90000,1095757,657454,14958279,900000,15855775,13911199,Bot
80,6,02/03/2018 10:15:38,10024916,38,18,4497,3296,240,60,141.9,59.4,240,60,128.0,50.0,612,3.0,27158616.6,8000000,31000000,29000000,9849354,261434.8,8000000,31000000,29000000,9542996,539519.4,8000000,31000000,29000000,1,0,0,0,753,353,2.0,1.0,60,240,141.9,58.7,3447.8,0,2,0,8,37,0,0,0,1,141.9,141.9,128.0,0,0,0,0,0,0,38,5347,18,2264,29200,64240,33,60,905195,90000,1131494,678896,15966886,900000,16924899,14849204,Bot
443,6,02/03/2018 10:15:40,9610484,35,19,4287,3705,240,60,139.9,70.5,240,60,132.1,50.0,604,3.0,27562009.0,8000000,31000000,29000000,9696853,278005.3,8000000,31000000,29000000,9866043,523804.3,8000000,31000000,29000000,1,0,0,0,697,376,2.0,1.0,60,240,134.5,61.1,3739.0,1,2,0,9,44,0,0,0,1,134.5,139.9,132.1,0,0,0,0,0,0,35,4880,19,2488,29200,64240,31,60,864922,90000,1081152,648691,15150936,900000,16059992,14090371,Bot
80,6,02/03/2018 10:15:42,9667647,37,17,4519,3463,240,60,142.7,70.5,240,60,125.8,50.0,570,3.0,27531320.6,8000000,31000000,29000000,9488026,258182.7,8000000,31000000,29000000,9709278,557516.7,8000000,31000000,29000000,1,0,0,0,734,348,2.0,1.0,60,240,139.7,66.0,4350.6,0,2,0,9,45,0,0,0,1,139.7,142.7,125.8,0,0,0,0,0,0,37,5245,17,2191,29200,64240,33,60,912879,90000,1141098,684659,15120304,900000,16027522,14061883,Bot
80,6,02/03/2018 10:15:44,9720203,37,19,4358,3961,240,60,140.0,69.1,240,60,131.2,50.0,640,3.0,28284858.2,8000000,31000000,29000000,9997098,269121.9,8000000,31000000,29000000,9909169,528026.8,8000000,31000000,29000000,1,0,0,0,742,375,2.0,1.0,60,240,129.9,66.5,4415.6,1,2,0,9,38,0,0,0,1,129.9,140.0,131.2,0,0,0,0,0,0,37,5202,19,2461,29200,64240,33,60,846395,90000,1057993,634796,15213341,900000,16126141,14148407,Bot
6667,6,02/03/2018 10:15:46,9841247,37,19,4710,3598,240,60,143.4,62.9,240,60,136.7,50.0,595,3.0,27881816.4,8000000,31000000,29000000,9969424,267278.8,8000000,31000000,29000000,10106992,524216.0,8000000,31000000,29000000,1,0,0,0,745,385,2.0,1.0,60,240,141.8,66.7,4447.1,0,2,0,9,37,0,0,0,1,141.8,143.4,136.7,0,0,0,0,0,0,37,5350,19,2636,29200,64240,33,60,932735,90000,1165919,699552,15397135,900000,16320963,14319336,Bot
6667,6,02/03/2018 10:15:48,10200968,40,20,5023,4190,240,60,142.8,60.0,240,60,129.2,50.0,624,3.0,27012182.9,8000000,31000000,29000000,9923937,250842.5,8000000,31000000,29000000,9867975,495281.5,8000000,31000000,29000000,1,0,0,0,791,398,2.0,1.0,60,240,132.6,57.3,3280.0,1,2,0,9,45,0,0,0,1,132.6,142.8,129.2,0,0,0,0,0,0,40,5650,20,2574,29200,64240,35,60,925808,90000,1157260,694356,16250986,900000,17226045,15113417,Bot
443,6,02/03/2018 10:15:50,10321207,39,20,4560,4262,240,60,138.7,60.6,240,60,127.0,50.0,640,3.0,28459824.6,8000000,31000000,29000000,10128619,260681.6,8000000,31000000,29000000,10097568,507689.6,8000000,31000000,29000000,1,0,0,0,777,397,2.0,1.0,60,240,132.0,61.4,3774.5,0,2,0,9,45,0,0,0,1,132.0,138.7,127.0,0,0,0,0,0,0,39,5391,20,2526,29200,64240,34,60,933953,90000,1167441,700464,16376134,900000,17358702,15229805,Bot
6667,6,02/03/2018 10:15:52,10364739,40,20,4883,3949,240,60,143.0,55.9,240,60,136.9,50.0,554,3.0,28308875.6,8000000,31000000,29000000,9976103,248341.4,8000000,31000000,29000000,10174781,507885.1,8000000,31000000,29000000,1,0,0,0,803,400,2.0,1.0,60,240,139.5,60.6,3667.9,1,2,0,9,40,0,0,0,1,139.5,143.0,136.9,0,0,0,0,0,0,40,5743,20,2742,29200,64240,36,60,926601,90000,1158252,694951,15554932,900000,16488228,14466087,Bot
443,6,02/03/2018 10:15:54,10072981,41,20,5061,4200,240,60,139.6,61.0,240,60,133.3,50.0,637,3.0,27514221.0,8000000,31000000,29000000,10254431,252870.8,8000000,31000000,29000000,9856176,482706.3,8000000,31000000,29000000,1,0,0,0,811,408,2.0,1.0,60,240,138.3,62.1,3858.8,0,2,0,10,45,0,0,0,1,138.3,139.6,133.3,0,0,0,0,0,0,41,5661,20,2722,29200,64240,36,60,869030,90000,1086288,651773,15513363,900000,16444164,14427427,Bot
443,6,02/03/2018 10:15:56,9951051,42,20,4990,4227,240,60,145.6,59.7,240,60,130.2,50.0,591,3.0,28360216.3,8000000,31000000,29000000,10052022,239985.9,8000000,31000000,29000000,10316179,517371.8,8000000,31000000,29000000,1,0,0,0,837,398,2.0,1.0,60,240,137.6,62.7,3936.4,1,2,0,10,43,0,0,0,1,137.6,145.6,130.2,0,0,0,0,0,0,42,6101,20,2596,29200,64240,37,60,901810,90000,1127262,676357,16396734,900000,17380538,15248963,Bot
6667,6,02/03/2018 10:15:58,10088338,42,21,5027,3935,240,60,138.7,61.1,240,60,131.8,50.0,611,3.0,27118020.3,8000000,31000000,29000000,10091148,240860.0,8000000,31000000,29000000,10140156,490859.8,8000000,31000000,29000000,1,0,0,0,837,413,2.0,1.0,60,240,137.1,58.7,3449.0,0,2,0,10,42,0,0,0,1,137.1,138.7,131.8,0,0,0,0,0,0,42,5811,21,2723,29200,64240,37,60,905390,90000,1131738,679043,15761537,900000,16707229,14658229,Bot
80,6,02/03/2018 10:16:00,10383168,44,21,5106,4437,240,60,145.7,60.6,240,60,132.9,50.0,634,3.0,28252973.0,8000000,31000000,29000000,10254677,233974.3,8000000,31000000,29000000,10138729,477680.5,8000000,31000000,29000000,1,0,0,0,876,424,2.0,1.0,60,240,134.3,56.4,3177.2,1,2,0,10,38,0,0,0,1,134.3,145.7,132.9,0,0,0,0,0,0,44,6386,21,2821,29200,64240,39,60,911209,90000,1139011,683407,15565867,900000,16499819,14476256,Bot
6667,6,02/03/2018 10:16:02,10244118,43,21,5412,4201,240,60,143.8,63.2,240,60,129.0,50.0,630,3.0,27109308.1,8000000,31000000,29000000,10146856,238300.4,8000000,31000000,29000000,9851471,472498.5,8000000,31000000,29000000,1,0,0,0,851,416,2.0,1.0,60,240,141.3,59.8,3574.2,0,2,0,10,46,0,0,0,1,141.3,143.8,129.0,0,0,0,0,0,0,43,6124,21,2689,29200,64240,38,60,907314,90000,1134143,680486,15361978,900000,16283697,14286640,Bot
6667,6,02/03/2018 10:16:04,10042105,46,22,5677,4089,240,60,144.0,65.3,240,60,135.8,50.0,564,3.0,28565956.5,8000000,31000000,29000000,10125999,222272.4,8000000,31000000,29000000,9977184,450785.8,8000000,31000000,29000000,1,0,0,0,911,442,2.0,1.0,60,240,131.9,57.7,3330.1,1,2,0,10,44,0,0,0,1,131.9,144.0,135.8,0,0,0,0,0,0,46,6560,22,3005,29200,64240,41,60,902067,90000,1127583,676550,15623694,900000,16561116,14530036,Bot
6667,6,02/03/2018 10:16:06,10063925,46,23,5859,4323,240,60,141.1,61.5,240,60,127.3,50.0,598,3.0,27064516.2,8000000,31000000,29000000,10149287,219725.4,8000000,31000000,29000000,10494681,460471.7,8000000,31000000,29000000,1,0,0,0,923,455,2.0,1.0,60,240,134.5,59.9,3586.2,0,2,0,10,44,0,0,0,1,134.5,141.1,127.3,0,0,0,0,0,0,46,6518,23,2902,29200,64240,41,60,957446,90000,1196807,718084,16010604,900000,16971240,14889862,Bot
6667,6,02/03/2018 10:16:08,10575443,48,21,6024,4347,240,60,145.5,70.8,240,60,133.2,50.0,619,3.0,28104981.5,8000000,31000000,29000000,10343910,216319.2,8000000,31000000,29000000,10547640,495110.2,8000000,31000000,29000000,1,0,0,0,956,426,2.0,1.0,60,240,129.9,66.8,4459.3,1,2,0,11,39,0,0,0,1,129.9,145.5,133.2,0,0,0,0,0,0,48,6957,21,2837,29200,64240,43,60,912314,90000,1140392,684235,15418185,900000,16343276,14338912,Bot
6667,6,02/03/2018 10:16:10,10198641,45,22,5594,4513,240,60,140.6,55.1,240,60,124.7,50.0,638,3.0,27145935.8,8000000,31000000,29000000,10104149,224070.1,8000000,31000000,29000000,10057014,460127.4,8000000,31000000,29000000,1,0,0,0,901,437,2.0,1.0,60,240,135.1,65.2,4248.9,0,2,0,11,44,0,0,0,1,135.1,140.6,124.7,0,0,0,0,0,0,45,6342,22,2725,29200,64240,40,60,953713,90000,1192142,715285,16281223,900000,17258097,15141538,Bot
80,6,02/03/2018 10:16:12,10656212,48,24,5809,4384,240,60,140.2,58.3,240,60,130.4,50.0,579,3.0,27579850.4,8000000,31000000,29000000,10648338,222358.6,8000000,31000000,29000000,10570611,444385.8,8000000,31000000,29000000,1,0,0,0,957,475,2.0,1.0,60,240,134.1,64.4,4143.2,1,2,0,11,44,0,0,0,1,134.1,140.2,130.4,0,0,0,0,0,0,48,6715,24,3101,29200,64240,43,60,989776,90000,1237220,742332,15831104,900000,16780970,14722927,Bot
80,6,02/03/2018 10:16:14,10615559,48,24,5784,4643,240,60,146.0,57.3,240,60,135.0,50.0,620,3.0,26951902.0,8000000,31000000,29000000,10306804,216011.6,8000000,31000000,29000000,10248573,426094.6,8000000,31000000,29000000,1,0,0,0,954,481,2.0,1.0,60,240,135.5,56.3,3169.3,0,2,0,11,39,0,0,0,1,135.5,146.0,135.0,0,0,0,0,0,0,48,6968,24,3247,29200,64240,42,60,953212,90000,1191515,714909,15995967,900000,16955725,14876250,Bot
80,6,02/03/2018 10:16:16,10547207,48,23,6136,4325,240,60,139.1,70.0,240,60,128.2,50.0,602,3.0,27374180.1,8000000,31000000,29000000,10380192,216054.5,8000000,31000000,29000000,10509172,458788.7,8000000,31000000,29000000,1,0,0,0,960,458,2.0,1.0,60,240,136.7,58.6,3436.6,1,2,0,11,41,0,0,0,1,136.7,139.1,128.2,0,0,0,0,0,0,48,6683,23,2937,29200,64240,43,60,941657,90000,1177071,706243,16767893,900000,17773967,15594141,Bot
6667,6,02/03/2018 10:16:18,10365497,51,23,6083,4292,240,60,141.4,54.8,240,60,125.4,50.0,578,3.0,27249887.5,8000000,31000000,29000000,10536585,205728.4,8000000,31000000,29000000,10456035,462392.3,8000000,31000000,29000000,1,0,0,0,1024,452,2.0,1.0,60,240,134.2,57.5,3310.2,0,2,0,11,44,0,0,0,1,134.2,141.4,125.4,0,0,0,0,0,0,51,7244,23,2837,29200,64240,46,60,1002284,90000,1252855,751713,16558070,900000,17551555,15399005,Bot
6667,6,02/03/2018 10:16:20,10457519,49,23,5882,4249,240,60,140.6,61.8,240,60,128.6,50.0,579,3.0,28105723.9,8000000,31000000,29000000,10569207,216000.6,8000000,31000000,29000000,10503546,457500.7,8000000,31000000,29000000,1,0,0,0,978,459,2.0,1.0,60,240,142.1,56.5,3189.5,1,2,0,12,45,0,0,0,1,142.1,140.6,128.6,0,0,0,0,0,0,49,6881,23,2953,29200,64240,44,60,970518,90000,1213148,727889,16273086,900000,17249471,15133970,Bot
6667,6,02/03/2018 10:16:22,10441155,48,25,5823,5097,240,60,142.5,70.2,240,60,130.6,50.0,563,3.0,27089068.2,8000000,31000000,29000000,10605188,218965.8,8000000,31000000,29000000,10620750,417205.3,8000000,31000000,29000000,1,0,0,0,968,509,2.0,1.0,60,240,131.3,62.6,3914.8,0,2,0,12,41,0,0,0,1,131.3,142.5,130.6,0,0,0,0,0,0,48,6899,25,3324,29200,64240,43,60,917255,90000,1146568,687941,16313411,900000,17292215,15171472,Bot
6667,6,02/03/2018 10:16:24,10474266,52,26,6210,5549,240,60,139.2,54.2,240,60,136.5,50.0,590,3.0,27711934.0,8000000,31000000,29000000,10783438,205408.6,8000000,31000000,29000000,10326765,399946.9,8000000,31000000,29000000,1,0,0,0,1049,516,2.0,1.0,60,240,130.9,65.7,4311.1,1,2,0,12,39,0,0,0,1,130.9,139.2,136.5,0,0,0,0,0,0,52,7305,26,3524,29200,64240,47,60,1012215,90000,1265268,759161,16271489,900000,17247778,15132485,Bot
443,6,02/03/2018 10:16:26,10945537,51,25,6412,4917,240,60,147.1,57.0,240,60,132.3,50.0,617,3.0,27820217.8,8000000,31000000,29000000,10517984,206835.1,8000000,31000000,29000000,10784754,437750.9,8000000,31000000,29000000,1,0,0,0,1017,492,2.0,1.0,60,240,135.9,64.9,4206.6,0,2,0,12,46,0,0,0,1,135.9,147.1,132.3,0,0,0,0,0,0,51,7478,25,3259,29200,64240,45,60,973433,90000,1216791,730074,15699708,900000,16641691,14600729,Bot
80,6,02/03/2018 10:16:28,11015033,53,26,6520,5210,240,60,143.3,61.8,240,60,136.4,50.0,599,3.0,27020379.0,8000000,31000000,29000000,10356598,193951.1,8000000,31000000,29000000,10781562,414689.3,8000000,31000000,29000000,1,0,0,0,1067,519,2.0,1.0,60,240,136.6,68.4,4684.8,1,2,0,12,39,0,0,0,1,136.6,143.3,136.4,0,0,0,0,0,0,53,7650,26,3547,29200,64240,48,60,995116,90000,1243895,746337,16290449,900000,17267876,15150118,Bot
6667,6,02/03/2018 10:16:30,10615708,54,26,6442,5138,240,60,144.3,70.8,240,60,125.9,50.0,622,3.0,28492048.7,8000000,31000000,29000000,10951320,201868.1,8000000,31000000,29000000,10661500,405392.2,8000000,31000000,29000000,1,0,0,0,1084,525,2.0,1.0,60,240,131.1,57.9,3356.3,0,2,0,12,39,0,0,0,1,131.1,144.3,125.9,0,0,0,0,0,0,54,7830,26,3312,29200,64240,48,60,982261,90000,1227826,736696,16685967,900000,17687125,15517950,Bot
6667,6,02/03/2018 10:16:32,10837504,53,27,6729,5165,240,60,147.2,64.0,240,60,133.0,50.0,587,3.0,27931737.9,8000000,31000000,29000000,10717316,202296.2,8000000,31000000,29000000,10751731,398919.0,8000000,31000000,29000000,1,0,0,0,1059,539,2.0,1.0,60,240,131.6,60.5,3655.5,1,2,0,12,42,0,0,0,1,131.6,147.2,133.0,0,0,0,0,0,0,53,7798,27,3584,29200,64240,47,60,979938,90000,1224923,734954,15815711,900000,16764653,14708611,Bot
443,6,02/03/2018 10:16:34,10736177,57,27,6897,5640,240,60,143.2,57.4,240,60,134.6,50.0,599,3.0,26895520.6,8000000,31000000,29000000,10691447,188692.8,8000000,31000000,29000000,11077095,412813.4,8000000,31000000,29000000,1,0,0,0,1133,536,2.0,1.0,60,240,141.2,63.6,4049.6,0,2,0,13,42,0,0,0,1,141.2,143.2,134.6,0,0,0,0,0,0,57,8113,27,3613,29200,64240,50,60,940185,90000,1175232,705139,16007768,900000,16968234,14887224,Bot
6667,6,02/03/2018 10:16:36,10991979,58,25,7087,4997,240,60,141.3,69.4,240,60,126.1,50.0,578,3.0,28160042.5,8000000,31000000,29000000,11058022,190944.8,8000000,31000000,29000000,10786256,428983.5,8000000,31000000,29000000,1,0,0,0,1158,502,2.0,1.0,60,240,135.4,66.4,4405.7,1,2,0,13,43,0,0,0,1,135.4,141.3,126.1,0,0,0,0,0,0,58,8184,25,3170,29200,64240,52,60,996077,90000,1245096,747058,16836102,900000,17846268,15657575,Bot
443,6,02/03/2018 10:16:38,10683270,58,26,6819,5068,240,60,141.2,58.2,240,60,135.2,50.0,598,3.0,28228756.2,8000000,31000000,29000000,10785412,186238.7,8000000,31000000,29000000,11081312,427900.9,8000000,31000000,29000000,1,0,0,0,1158,517,2.0,1.0,60,240,131.1,57.9,3355.6,0,2,0,13,42,0,0,0,1,131.1,141.2,135.2,0,0,0,0,0,0,58,8179,26,3502,29200,64240,52,60,1032545,90000,1290681,774409,16632509,900000,17630460,15468233,Bot
6667,6,02/03/2018 10:16:40,10826225,56,26,6574,5035,240,60,143.7,60.7,240,60,135.7,50.0,633,3.0,28368919.9,8000000,31000000,29000000,10612167,189717.8,8000000,31000000,29000000,10945692,417687.8,8000000,31000000,29000000,1,0,0,0,1118,524,2.0,1.0,60,240,136.6,59.8,3578.8,1,2,0,13,44,0,0,0,1,136.6,143.7,135.7,0,0,0,0,0,0,56,8038,26,3556,29200,64240,50,60,974561,90000,1218202,730921,17101802,900000,18127910,15904675,Bot
443,6,02/03/2018 10:16:42,11310913,60,27,6994,5485,240,60,144.1,64.7,240,60,133.1,50.0,613,3.0,27719158.7,8000000,31000000,29000000,10976293,182379.9,8000000,31000000,29000000,10828465,404257.1,8000000,31000000,29000000,1,0,0,0,1203,535,2.0,1.0,60,240,133.5,57.5,3302.4,0,2,0,13,39,0,0,0,1,133.5,144.1,133.1,0,0,0,0,0,0,60,8671,27,3566,29200,64240,54,60,1044267,90000,1305334,783201,16694345,900000,17696006,15525741,Bot
6667,6,02/03/2018 10:16:44,11222355,58,28,7427,5507,240,60,146.3,64.9,240,60,126.9,50.0,584,3.0,27303326.7,8000000,31000000,29000000,10659287,183237.8,8000000,31000000,29000000,10735147,387458.5,8000000,31000000,29000000,1,0,0,0,1163,554,2.0,1.0,60,240,140.1,65.7,4319.8,1,2,0,13,40,0,0,0,1,140.1,146.3,126.9,0,0,0,0,0,0,58,8512,28,3516,29200,64240,52,60,1019263,90000,1274079,764448,16771031,900000,17777293,15597059,Bot
6667,6,02/03/2018 10:16:46,10964112,58,28,7298,5448,240,60,146.6,71.6,240,60,125.7,50.0,605,3.0,27216570.0,8000000,31000000,29000000,10719921,184931.8,8000000,31000000,29000000,11069622,388792.0,8000000,31000000,29000000,1,0,0,0,1159,569,2.0,1.0,60,240,140.7,66.0,4361.1,0,2,0,13,45,0,0,0,1,140.7,146.6,125.7,0,0,0,0,0,0,58,8498,28,3579,29200,64240,52,60,1061950,90000,1327438,796463,16846544,900000,17857336,15667285,Bot
80,6,02/03/2018 10:16:48,11077348,58,29,6988,5737,240,60,139.6,73.1,240,60,130.7,50.0,574,3.0,27088654.1,8000000,31000000,29000000,11176252,192032.6,8000000,31000000,29000000,10970480,375075.4,8000000,31000000,29000000,1,0,0,0,1163,584,2.0,1.0,60,240,134.7,59.7,3558.2,1,2,0,14,39,0,0,0,1,134.7,139.6,130.7,0,0,0,0,0,0,58,8124,29,3822,29200,64240,52,60,981378,90000,1226722,736033,17186974,900000,18218193,15983886,Bot
6667,6,02/03/2018 10:16:50,11044724,62,29,7955,6134,240,60,146.7,56.8,240,60,128.0,50.0,648,3.0,28431638.0,8000000,31000000,29000000,10903808,174828.9,8000000,31000000,29000000,11432580,396790.3,8000000,31000000,29000000,1,0,0,0,1247,576,2.0,1.0,60,240,143.2,67.1,4507.5,0,2,0,14,45,0,0,0,1,143.2,146.7,128.0,0,0,0,0,0,0,62,9149,29,3687,29200,64240,56,60,1006885,90000,1258606,755164,16568795,900000,17562923,15408980,Bot
443,6,02/03/2018 10:16:52,11225651,63,29,7682,5879,240,60,141.2,65.4,240,60,131.5,50.0,595,3.0,27434706.6,8000000,31000000,29000000,11099857,177476.5,8000000,31000000,29000000,10854553,370622.8,8000000,31000000,29000000,1,0,0,0,1250,585,2.0,1.0,60,240,141.0,61.3,3756.7,1,2,0,14,42,0,0,0,1,141.0,141.2,131.5,0,0,0,0,0,0,63,8832,29,3852,29200,64240,56,60,1070187,90000,1337734,802640,17213684,900000,18246505,16008726,Bot
6667,6,02/03/2018 10:16:54,11555459,64,28,7861,5542,240,60,146.8,72.5,240,60,130.3,50.0,591,3.0,26903654.1,8000000,31000000,29000000,10913571,169860.6,8000000,31000000,29000000,10926325,387961.3,8000000,31000000,29000000,1,0,0,0,1285,563,2.0,1.0,60,240,143.6,65.9,4340.4,0,2,0,14,48,0,0,0,1,143.6,146.8,130.3,0,0,0,0,0,0,64,9433,28,3669,29200,64240,57,60,1045996,90000,1307495,784497,16842982,900000,17853561,15663973,Bot
443,6,02/03/2018 10:16:56,11082100,64,31,7979,5948,240,60,144.7,61.0,240,60,135.9,50.0,667,3.0,27853865.7,8000000,31000000,29000000,10907961,169386.6,8000000,31000000,29000000,11486215,373223.7,8000000,31000000,29000000,1,0,0,0,1287,615,2.0,1.0,60,240,132.5,65.1,4242.7,1,2,0,14,39,0,0,0,1,132.5,144.7,135.9,0,0,0,0,0,0,64,9315,31,4182,29200,64240,57,60,1028188,90000,1285234,771141,17123641,900000,18151060,15924986,Bot
80,6,02/03/2018 10:16:58,11110609,62,31,7639,6287,240,60,142.5,55.3,240,60,128.8,50.0,582,3.0,26896985.0,8000000,31000000,29000000,11441188,185310.9,8000000,31000000,29000000,10993454,354316.1,8000000,31000000,29000000,1,0,0,0,1234,620,2.0,1.0,60,240,143.1,57.6,3319.0,0,2,0,14,47,0,0,0,1,143.1,142.5,128.8,0,0,0,0,0,0,62,8796,31,3997,29200,64240,55,60,1001807,90000,1252259,751355,16846552,900000,17857345,15667294,Bot
6667,6,02/03/2018 10:17:00,11748372,67,31,8117,6543,240,60,140.7,72.7,240,60,135.9,50.0,656,3.0,27261992.5,8000000,31000000,29000000,11542708,172754.3,8000000,31000000,29000000,11029853,352352.3,8000000,31000000,29000000,1,0,0,0,1336,626,2.0,1.0,60,240,131.3,60.6,3675.4,1,2,0,15,41,0,0,0,1,131.3,140.7,135.9,0,0,0,0,0,0,67,9399,31,4253,29200,64240,60,60,1061803,90000,1327254,796352,16911469,900000,17926157,15727666,Bot
443,6,02/03/2018 10:17:02,11560667,65,30,8094,5751,240,60,147.8,72.2,240,60,136.5,50.0,616,3.0,27479285.7,8000000,31000000,29000000,11252478,172394.3,8000000,31000000,29000000,11300503,380741.5,8000000,31000000,29000000,1,0,0,0,1305,593,2.0,1.0,60,240,135.0,60.2,3626.2,0,2,0,15,45,0,0,0,1,135.0,147.8,136.5,0,0,0,0,0,0,65,9644,30,4051,29200,64240,58,60,1054098,90000,1317622,790573,17016519,900000,18037510,15825362,Bot
80,6,02/03/2018 10:17:04,11496614,69,31,8720,6377,240,60,145.4,58.4,240,60,128.9,50.0,660,3.0,27282677.0,8000000,31000000,29000000,11128805,162399.6,8000000,31000000,29000000,11302060,361471.6,8000000,31000000,29000000,1,0,0,0,1370,625,2.0,1.0,60,240,134.5,61.5,3780.7,1,2,0,15,41,0,0,0,1,134.5,145.4,128.9,0,0,0,0,0,0,69,9964,31,4029,29200,64240,61,60,1019851,90000,1274813,764888,16825785,900000,17835332,15647980,Bot
80,6,02/03/2018 10:17:06,11433479,67,30,8174,5856,240,60,145.0,63.2,240,60,133.1,50.0,664,3.0,27328818.3,8000000,31000000,29000000,11728593,175324.9,8000000,31000000,29000000,11627054,388287.8,8000000,31000000,29000000,1,0,0,0,1337,598,2.0,1.0,60,240,135.6,64.4,4143.6,0,2,0,15,44,0,0,0,1,135.6,145.0,133.1,0,0,0,0,0,0,67,9697,30,3985,29200,64240,60,60,1015943,90000,1269928,761957,16579225,900000,17573978,15418679,Bot
443,6,02/03/2018 10:17:08,11292783,65,30,7719,5958,240,60,140.7,66.4,240,60,127.9,50.0,669,3.0,27108402.4,8000000,31000000,29000000,11368905,175684.7,8000000,31000000,29000000,11165954,376070.3,8000000,31000000,29000000,1,0,0,0,1294,593,2.0,1.0,60,240,142.3,59.3,3511.4,1,2,0,15,46,0,0,0,1,142.3,140.7,127.9,0,0,0,0,0,0,65,9104,30,3797,29200,64240,58,60,1037073,90000,1296342,777805,16395133,900000,17378840,15247473,Bot
80,6,02/03/2018 10:17:10,11536642,70,33,8242,7002,240,60,147.2,62.7,240,60,127.5,50.0,666,3.0,28385746.2,8000000,31000000,29000000,11637781,166774.0,8000000,31000000,29000000,11704713,355761.3,8000000,31000000,29000000,1,0,0,0,1395,658,2.0,1.0,60,240,135.4,65.6,4306.4,0,2,0,15,48,0,0,0,1,135.4,147.2,127.5,0,0,0,0,0,0,70,10274,33,4196,29200,64240,62,60,1055553,90000,1319441,791665,17316836,900000,18355847,16104658,Bot
443,6,02/03/2018 10:17:12,11597022,66,31,8024,6239,240,60,147.2,67.4,240,60,127.9,50.0,623,3.0,27997327.4,8000000,31000000,29000000,11276947,170183.2,8000000,31000000,29000000,11680217,381511.5,8000000,31000000,29000000,1,0,0,0,1325,612,2.0,1.0,60,240,140.9,67.0,4489.5,1,2,0,15,46,0,0,0,1,140.9,147.2,127.9,0,0,0,0,0,0,66,9755,31,3917,29200,64240,59,60,1024428,90000,1280535,768321,17061556,900000,18085249,15867247,Bot
80,6,02/03/2018 10:17:14,11788530,73,32,8748,6275,240,60,147.9,70.9,240,60,131.7,50.0,634,3.0,27101847.6,8000000,31000000,29000000,11862253,162861.5,8000000,31000000,29000000,11386607,360573.1,8000000,31000000,29000000,1,0,0,0,1456,631,2.0,1.0,60,240,143.6,65.0,4226.7,0,2,0,16,46,0,0,0,1,143.6,147.9,131.7,0,0,0,0,0,0,73,10775,32,4161,29200,64240,65,60,1086938,90000,1358673,815204,16417083,900000,17402108,15267887,Bot
6667,6,02/03/2018 10:17:16,11726162,74,32,9218,6316,240,60,145.2,66.6,240,60,127.9,50.0,647,3.0,27583733.7,8000000,31000000,29000000,11468466,155824.9,8000000,31000000,29000000,11537932,362024.8,8000000,31000000,29000000,1,0,0,0,1471,637,2.0,1.0,60,240,144.6,58.6,3430.4,1,2,0,16,46,0,0,0,1,144.6,145.2,127.9,0,0,0,0,0,0,74,10686,32,4077,29200,64240,66,60,1021443,90000,1276804,766082,17554472,900000,18607740,16325659,Bot
6667,6,02/03/2018 10:17:18,11795370,74,32,9061,6639,240,60,144.0,73.5,240,60,126.0,50.0,601,3.0,26795448.6,8000000,31000000,29000000,11328595,153549.2,8000000,31000000,29000000,11656455,360870.9,8000000,31000000,29000000,1,0,0,0,1475,646,2.0,1.0,60,240,144.3,60.2,3623.5,0,2,0,16,46,0,0,0,1,144.3,144.0,126.0,0,0,0,0,0,0,74,10626,32,4070,29200,64240,66,60,1109058,90000,1386323,831794,17633805,900000,18691833,16399438,Bot
6667,6,02/03/2018 10:17:20,12177402,75,34,8787,6250,240,60,140.5,65.4,240,60,133.6,50.0,588,3.0,27801560.4,8000000,31000000,29000000,11691572,156070.3,8000000,31000000,29000000,11440153,341172.1,8000000,31000000,29000000,1,0,0,0,1498,670,2.0,1.0,60,240,145.4,60.4,3645.1,1,2,0,16,41,0,0,0,1,145.4,140.5,133.6,0,0,0,0,0,0,75,10523,34,4481,29200,64240,67,60,1028649,90000,1285811,771487,16559157,900000,17552706,15400016,Bot
6667,6,02/03/2018 10:17:22,11584477,71,34,8645,6668,240,60,146.9,69.0,240,60,127.0,50.0,592,3.0,27442620.8,8000000,31000000,29000000,11843716,167285.6,8000000,31000000,29000000,12007265,353568.7,8000000,31000000,29000000,1,0,0,0,1415,679,2.0,1.0,60,240,133.0,59.6,3555.3,0,2,0,16,43,0,0,0,1,133.0,146.9,127.0,0,0,0,0,0,0,71,10401,34,4315,29200,64240,63,60,1094050,90000,1367563,820538,17789298,900000,18856656,16544048,Bot
443,6,02/03/2018 10:17:24,11612850,75,33,9584,6893,240,60,148.8,66.1,240,60,138.3,50.0,623,3.0,27603108.3,8000000,31000000,29000000,11751265,156026.3,8000000,31000000,29000000,11447472,349370.1,8000000,31000000,29000000,1,0,0,0,1506,655,2.0,1.0,60,240,133.2,66.0,4357.4,1,2,0,16,47,0,0,0,1,133.2,148.8,138.3,0,0,0,0,0,0,75,11210,33,4532,29200,64240,67,60,1085215,90000,1356518,813911,16562560,900000,17556313,15403180,Bot
80,6,02/03/2018 10:17:26,11717278,77,33,9651,6669,240,60,145.8,72.8,240,60,129.8,50.0,657,3.0,26808560.4,8000000,31000000,29000000,12093925,157578.1,8000000,31000000,29000000,11724073,354566.2,8000000,31000000,29000000,1,0,0,0,1534,661,2.0,1.0,60,240,141.0,61.5,3783.3,0,2,0,16,48,0,0,0,1,141.0,145.8,129.8,0,0,0,0,0,0,77,11192,33,4294,29200,64240,69,60,1063454,90000,1329318,797591,17559291,900000,18612849,16330141,Bot
6667,6,02/03/2018 10:17:28,12243336,77,36,8969,7380,240,60,142.2,56.0,240,60,135.1,50.0,663,3.0,26703540.4,8000000,31000000,29000000,11777559,153816.4,8000000,31000000,29000000,11994501,336328.9,8000000,31000000,29000000,1,0,0,0,1531,713,2.0,1.0,60,240,145.6,69.8,4874.1,1,2,0,17,46,0,0,0,1,145.6,142.2,135.1,0,0,0,0,0,0,77,10888,36,4818,29200,64240,68,60,1065377,90000,1331722,799033,17864890,900000,18936783,16614348,Bot
6667,6,02/03/2018 10:17:30,12214320,77,34,9310,6678,240,60,145.8,62.3,240,60,138.1,50.0,613,3.0,27894006.7,8000000,31000000,29000000,11829129,154528.3,8000000,31000000,29000000,12075300,351492.6,8000000,31000000,29000000,1,0,0,0,1530,687,2.0,1.0,60,240,135.5,63.4,4023.6,0,2,0,17,44,0,0,0,1,135.5,145.8,138.1,0,0,0,0,0,0,77,11160,34,4745,29200,64240,68,60,1103005,90000,1378756,827254,17031341,900000,18053221,15839147,Bot
6667,6,02/03/2018 10:17:32,11898033,79,35,10112,6705,240,60,141.3,56.8,240,60,138.9,50.0,674,3.0,26688083.0,8000000,31000000,29000000,12210324,154449.6,8000000,31000000,29000000,12124047,347052.8,8000000,31000000,29000000,1,0,0,0,1581,698,2.0,1.0,60,240,132.1,65.8,4334.4,1,2,0,17,47,0,0,0,1,132.1,141.3,138.9,0,0,0,0,0,0,79,11169,35,4852,29200,64240,71,60,1116289,90000,1395362,837217,17427197,900000,18472829,16207294,Bot
80,6,02/03/2018 10:17:34,11906799,81,34,10267,6680,240,60,147.5,68.2,240,60,135.8,50.0,589,3.0,26782723.2,8000000,31000000,29000000,11631132,144355.4,8000000,31000000,29000000,12001838,353377.2,8000000,31000000,29000000,1,0,0,0,1611,679,2.0,1.0,60,240,140.7,64.3,4138.6,0,2,0,17,42,0,0,0,1,140.7,147.5,135.8,0,0,0,0,0,0,81,11888,34,4611,29200,64240,72,60,1073153,90000,1341442,804865,17812934,900000,18881710,16566029,Bot
80,6,02/03/2018 10:17:36,12335556,80,35,9326,6506,240,60,144.9,63.8,240,60,131.3,50.0,671,3.0,26954852.7,8000000,31000000,29000000,12207142,151990.1,8000000,31000000,29000000,11782792,335659.1,8000000,31000000,29000000,1,0,0,0,1606,702,2.0,1.0,60,240,136.7,60.2,3625.0,1,2,0,17,41,0,0,0,1,136.7,144.9,131.3,0,0,0,0,0,0,80,11637,35,4609,29200,64240,72,60,1060113,90000,1325142,795085,16660299,900000,17659917,15494078,Bot
80,6,02/03/2018 10:17:38,12412764,78,35,9062,6836,240,60,145.2,71.5,240,60,127.8,50.0,612,3.0,28226790.8,8000000,31000000,29000000,11997762,153482.5,8000000,31000000,29000000,12108784,349455.8,8000000,31000000,29000000,1,0,0,0,1563,693,2.0,1.0,60,240,140.1,69.0,4759.2,0,2,0,17,40,0,0,0,1,140.1,145.2,127.8,0,0,0,0,0,0,78,11348,35,4428,29200,64240,70,60,1086419,90000,1358024,814814,16745396,900000,17750120,15573218,Bot
6667,6,02/03/2018 10:17:40,12553439,81,37,10187,6908,240,60,145.1,64.6,240,60,138.2,50.0,660,3.0,27954569.8,8000000,31000000,29000000,11976554,147560.1,8000000,31000000,29000000,12162133,331729.4,8000000,31000000,29000000,1,0,0,0,1623,733,2.0,1.0,60,240,134.1,57.9,3349.4,1,2,0,18,49,0,0,0,1,134.1,145.1,138.2,0,0,0,0,0,0,81,11780,37,5068,29200,64240,73,60,1135787,90000,1419734,851840,16897855,900000,17911726,15715005,Bot
443,6,02/03/2018 10:17:42,12128234,79,35,9677,7533,240,60,144.9,63.8,240,60,129.2,50.0,675,3.0,27537877.3,8000000,31000000,29000000,12242607,154902.8,8000000,31000000,29000000,11857993,339553.7,8000000,31000000,29000000,1,0,0,0,1580,698,2.0,1.0,60,240,137.7,58.3,3399.0,0,2,0,18,46,0,0,0,1,137.7,144.9,129.2,0,0,0,0,0,0,79,11450,35,4513,29200,64240,71,60,1157184,90000,1446480,867888,16869908,900000,17882103,15689015,Bot
80,6,02/03/2018 10:17:44,12109460,84,37,10726,6928,240,60,147.8,70.9,240,60,130.4,50.0,683,3.0,27404241.1,8000000,31000000,29000000,11998948,142317.6,8000000,31000000,29000000,11859253,316346.2,8000000,31000000,29000000,1,0,0,0,1686,749,2.0,1.0,60,240,135.6,62.4,3893.7,1,2,0,18,42,0,0,0,1,135.6,147.8,130.4,0,0,0,0,0,0,84,12459,37,4889,29200,64240,75,60,1101164,90000,1376456,825873,17339564,900000,18379938,16125795,Bot
80,6,02/03/2018 10:17:46,12538760,84,36,10346,6941,240,60,146.7,56.6,240,60,130.8,50.0,651,3.0,28053862.4,8000000,31000000,29000000,12331192,147192.8,8000000,31000000,29000000,12263418,339210.6,8000000,31000000,29000000,1,0,0,0,1675,723,2.0,1.0,60,240,138.7,65.4,4275.4,0,2,0,18,48,0,0,0,1,138.7,146.7,130.8,0,0,0,0,0,0,84,12286,36,4729,29200,64240,75,60,1126465,90000,1408082,844849,17849001,900000,18919941,16599571,Bot
443,6,02/03/2018 10:17:48,12087782,80,36,9516,6803,240,60,148.6,64.8,240,60,130.4,50.0,677,3.0,27239497.3,8000000,31000000,29000000,12596633,157589.5,8000000,31000000,29000000,12235875,335889.8,8000000,31000000,29000000,1,0,0,0,1598,728,2.0,1.0,60,240,132.7,62.8,3948.9,1,2,0,18,42,0,0,0,1,132.7,148.6,130.4,0,0,0,0,0,0,80,11879,36,4751,29200,64240,71,60,1136171,90000,1420213,852128,17969207,900000,19047359,16711363,Bot
443,6,02/03/2018 10:17:50,12191749,83,39,10341,8093,240,60,142.0,58.5,240,60,128.9,50.0,640,3.0,26946158.0,8000000,31000000,29000000,12090472,146493.6,8000000,31000000,29000000,12582710,320452.0,8000000,31000000,29000000,1,0,0,0,1650,785,2.0,1.0,60,240,139.1,66.4,4407.5,0,2,0,18,49,0,0,0,1,139.1,142.0,128.9,0,0,0,0,0,0,83,11716,39,5059,29200,64240,74,60,1173250,90000,1466562,879937,17418805,900000,18463933,16199488,Bot
443,6,02/03/2018 10:17:52,12640418,82,38,10025,7144,240,60,149.3,69.1,240,60,135.0,50.0,609,3.0,27779588.3,8000000,31000000,29000000,12349100,150709.2,8000000,31000000,29000000,12559448,327788.4,8000000,31000000,29000000,1,0,0,0,1638,766,2.0,1.0,60,240,140.5,63.4,4025.2,1,2,0,18,41,0,0,0,1,140.5,149.3,135.0,0,0,0,0,0,0,82,12234,38,5173,29200,64240,73,60,1161383,90000,1451729,871037,17548342,900000,18601242,16319958,Bot
6667,6,02/03/2018 10:17:54,12422277,83,39,10222,8159,240,60,147.0,58.5,240,60,132.7,50.0,627,3.0,27134787.0,8000000,31000000,29000000,12187836,146763.8,8000000,31000000,29000000,12688879,328631.3,8000000,31000000,29000000,1,0,0,0,1660,772,2.0,1.0,60,240,138.6,58.7,3440.9,0,2,0,19,48,0,0,0,1,138.6,147.0,132.7,0,0,0,0,0,0,83,12205,39,5125,29200,64240,74,60,1191824,90000,1489780,893868,17787522,900000,18854774,16542396,Bot
443,6,02/03/2018 10:17:56,12382690,89,39,10416,8086,240,60,142.8,66.5,240,60,132.3,50.0,700,3.0,26705307.5,8000000,31000000,29000000,12214478,137606.6,8000000,31000000,29000000,12448089,315941.8,8000000,31000000,29000000,1,0,0,0,1775,787,2.0,1.0,60,240,143.9,65.4,4277.8,1,2,0,19,42,0,0,0,1,143.9,142.8,132.3,0,0,0,0,0,0,89,12672,39,5212,29200,64240,79,60,1110667,90000,1388333,833000,18258977,900000,19354515,16980848,Bot
6667,6,02/03/2018 10:17:58,12451807,84,38,10531,8277,240,60,149.5,71.7,240,60,132.1,50.0,649,3.0,27866395.7,8000000,31000000,29000000,12401548,147548.7,8000000,31000000,29000000,12327518,321451.9,8000000,31000000,29000000,1,0,0,0,1681,766,2.0,1.0,60,240,133.9,66.0,4353.0,0,2,0,19,46,0,0,0,1,133.9,149.5,132.1,0,0,0,0,0,0,84,12568,38,5067,29200,64240,75,60,1102571,90000,1378214,826928,18061381,900000,19145063,16797084,Bot
443,6,02/03/2018 10:18:00,12529928,91,41,11410,8450,240,60,143.0,72.9,240,60,134.8,50.0,664,3.0,27532489.2,8000000,31000000,29000000,12769655,139926.4,8000000,31000000,29000000,12513154,306840.1,8000000,31000000,29000000,1,0,0,0,1825,815,2.0,1.0,60,240,141.5,70.3,4939.4,1,2,0,19,50,0,0,0,1,141.5,143.0,134.8,0,0,0,0,0,0,91,13055,41,5496,29200,64240,82,60,1106036,90000,1382545,829527,17953081,900000,19030265,16696365,Bot
443,6,02/03/2018 10:18:02,12553751,86,40,10171,8031,240,60,150.1,57.1,240,60,134.8,50.0,675,3.0,27047714.3,8000000,31000000,29000000,12617747,146642.8,8000000,31000000,29000000,12373905,309398.7,8000000,31000000,29000000,1,0,0,0,1720,799,2.0,1.0,60,240,145.6,63.1,3977.6,0,2,0,19,50,0,0,0,1,145.6,150.1,134.8,0,0,0,0,0,0,86,12919,40,5393,29200,64240,77,60,1133462,90000,1416827,850096,18185861,900000,19277012,16912850,Bot
6667,6,02/03/2018 10:18:04,12986484,89,39,11374,7441,240,60,145.8,71.1,240,60,131.1,50.0,632,3.0,28059924.1,8000000,31000000,29000000,12858175,144457.6,8000000,31000000,29000000,12809231,330168.5,8000000,31000000,29000000,1,0,0,0,1780,775,2.0,1.0,60,240,136.0,60.5,3661.3,1,2,0,19,42,0,0,0,1,136.0,145.8,131.1,0,0,0,0,0,0,89,12975,39,5085,29200,64240,80,60,1150510,90000,1438138,862883,18117314,900000,19204353,16849102,Bot
6667,6,02/03/2018 10:18:06,12876857,87,40,10326,7575,240,60,149.8,61.9,240,60,139.2,50.0,687,3.0,28191875.1,8000000,31000000,29000000,12928953,148457.2,8000000,31000000,29000000,12452097,309653.1,8000000,31000000,29000000,1,0,0,0,1741,804,2.0,1.0,60,240,133.4,59.5,3545.6,0,2,0,19,43,0,0,0,1,133.4,149.8,139.2,0,0,0,0,0,0,87,13042,40,5599,29200,64240,78,60,1132040,90000,1415050,849030,18489105,900000,19598452,17194868,Bot
443,6,02/03/2018 10:18:08,13177241,90,41,11044,7647,240,60,148.2,72.9,240,60,135.9,50.0,626,3.0,27218530.1,8000000,31000000,29000000,12326538,137671.4,8000000,31000000,29000000,12664179,309379.4,8000000,31000000,29000000,1,0,0,0,1790,818,2.0,1.0,60,240,134.8,66.1,4375.5,1,2,0,20,47,0,0,0,1,134.8,148.2,135.9,0,0,0,0,0,0,90,13265,41,5562,29200,64240,80,60,1155638,90000,1444548,866729,18377839,900000,19480509,17091390,Bot
80,6,02/03/2018 10:18:10,12629914,87,39,10800,7823,240,60,144.3,65.2,240,60,130.6,50.0,612,3.0,27027687.1,8000000,31000000,29000000,13070740,150297.6,8000000,31000000,29000000,12420115,322075.5,8000000,31000000,29000000,1,0,0,0,1739,771,2.0,1.0,60,240,141.9,60.6,3678.3,0,2,0,20,47,0,0,0,1,141.9,144.3,130.6,0,0,0,0,0,0,87,12552,39,5038,29200,64240,78,60,1161926,90000,1452407,871444,17398779,900000,18442706,16180865,Bot
80,6,02/03/2018 10:18:12,12544658,92,42,10956,8017,240,60,144.8,57.8,240,60,127.6,50.0,640,3.0,26624356.3,8000000,31000000,29000000,12885591,140170.0,8000000,31000000,29000000,12707045,304910.4,8000000,31000000,29000000,1,0,0,0,1838,833,2.0,1.0,60,240,133.7,70.1,4909.9,1,2,0,20,45,0,0,0,1,133.7,144.8,127.6,0,0,0,0,0,0,92,13308,42,5317,29200,64240,82,60,1194933,90000,1493666,896200,18286105,900000,19383271,17006077,Bot
80,6,02/03/2018 10:18:14,13170476,95,42,12148,7814,240,60,145.3,61.5,240,60,139.2,50.0,675,3.0,27879008.1,8000000,31000000,29000000,12701532,133080.6,8000000,31000000,29000000,12576238,301122.4,8000000,31000000,29000000,1,0,0,0,1908,835,2.0,1.0,60,240,143.2,69.9,4880.5,0,2,0,20,49,0,0,0,1,143.2,145.3,139.2,0,0,0,0,0,0,95,13864,42,5815,29200,64240,85,60,1197486,90000,1496858,898115,17325540,900000,18365072,16112752,Bot
6667,6,02/03/2018 10:18:16,13229644,95,41,11285,8431,240,60,143.3,64.7,240,60,131.2,50.0,697,3.0,27105937.4,8000000,31000000,29000000,12913807,135524.9,8000000,31000000,29000000,12740762,310815.5,8000000,31000000,29000000,1,0,0,0,1905,819,2.0,1.0,60,240,143.3,59.3,3516.9,1,2,0,20,46,0,0,0,1,143.3,143.3,131.2,0,0,0,0,0,0,95,13650,41,5376,29200,64240,85,60,1166252,90000,1457815,874689,18491316,900000,19600795,17196924,Bot
80,6,02/03/2018 10:18:18,13031482,92,40,10978,8382,240,60,149.4,56.1,240,60,130.2,50.0,687,3.0,26848930.7,8000000,31000000,29000000,13052160,141976.9,8000000,31000000,29000000,12741611,320069.7,8000000,31000000,29000000,1,0,0,0,1838,796,2.0,1.0,60,240,135.6,63.2,3988.9,0,2,0,20,45,0,0,0,1,135.6,149.4,130.2,0,0,0,0,0,0,92,13735,40,5182,29200,64240,82,60,1157400,90000,1446751,868050,18452214,900000,19559346,17160559,Bot
6667,6,02/03/2018 10:18:20,12654471,95,42,10993,7951,240,60,143.2,56.1,240,60,128.5,50.0,680,3.0,27028542.4,8000000,31000000,29000000,13195389,139622.5,8000000,31000000,29000000,13265709,314295.5,8000000,31000000,29000000,1,0,0,0,1890,844,2.0,1.0,60,240,137.3,67.8,4602.8,1,2,0,21,47,0,0,0,1,137.3,143.2,128.5,0,0,0,0,0,0,95,13532,42,5423,29200,64240,85,60,1242169,90000,1552711,931627,17640502,900000,18698933,16405667,Bot
6667,6,02/03/2018 10:18:22,13273689,99,41,12614,8134,240,60,142.9,63.9,240,60,137.6,50.0,665,3.0,27420885.6,8000000,31000000,29000000,12633342,127155.6,8000000,31000000,29000000,13101182,316155.9,8000000,31000000,29000000,1,0,0,0,1987,828,2.0,1.0,60,240,140.5,61.5,3787.2,0,2,0,21,44,0,0,0,1,140.5,142.9,137.6,0,0,0,0,0,0,99,14193,41,5701,29200,64240,89,60,1175533,90000,1469416,881650,17357831,900000,18399301,16142783,Bot
443,6,02/03/2018 10:18:24,12873138,100,41,11678,7958,240,60,150.9,74.7,240,60,133.8,50.0,659,3.0,27781052.8,8000000,31000000,29000000,13208544,131548.6,8000000,31000000,29000000,12652909,310666.3,8000000,31000000,29000000,1,0,0,0,2008,814,2.0,1.0,60,240,134.9,65.5,4287.0,1,2,0,21,43,0,0,0,1,134.9,150.9,133.8,0,0,0,0,0,0,100,15152,41,5449,29200,64240,90,60,1254137,90000,1567671,940603,18210083,900000,19302688,16935377,Bot
80,6,02/03/2018 10:18:26,13293745,99,43,11950,7983,240,60,151.1,67.1,240,60,128.8,50.0,659,3.0,27475369.2,8000000,31000000,29000000,13031440,131491.6,8000000,31000000,29000000,13055123,304070.5,8000000,31000000,29000000,1,0,0,0,1982,858,2.0,1.0,60,240,144.4,64.1,4114.5,0,2,0,21,46,0,0,0,1,144.4,151.1,128.8,0,0,0,0,0,0,99,14970,43,5532,29200,64240,89,60,1217901,90000,1522376,913425,18376723,900000,19479326,17090352,Bot
443,6,02/03/2018 10:18:28,13298025,99,42,11595,8789,240,60,144.8,73.4,240,60,139.8,50.0,641,3.0,27464791.9,8000000,31000000,29000000,13020152,131845.1,8000000,31000000,29000000,13048836,311989.4,8000000,31000000,29000000,1,0,0,0,1975,836,2.0,1.0,60,240,147.0,69.2,4788.0,1,2,0,21,44,0,0,0,1,147.0,144.8,139.8,0,0,0,0,0,0,99,14303,42,5847,29200,64240,88,60,1247864,90000,1559829,935898,18369170,900000,19471320,17083328,Bot
443,6,02/03/2018 10:18:30,13068738,96,43,11786,8491,240,60,144.7,69.3,240,60,139.4,50.0,712,3.0,27403190.1,8000000,31000000,29000000,13099195,136149.7,8000000,31000000,29000000,12794350,296313.7,8000000,31000000,29000000,1,0,0,0,1924,863,2.0,1.0,60,240,136.0,68.7,4713.4,0,2,0,21,44,0,0,0,1,136.0,144.7,139.4,0,0,0,0,0,0,96,13919,43,6021,29200,64240,86,60,1218743,90000,1523429,914057,18443226,900000,19549819,17152200,Bot
6667,6,02/03/2018 10:18:32,13095649,102,43,13006,8108,240,60,148.1,55.8,240,60,137.3,50.0,639,3.0,27740104.4,8000000,31000000,29000000,13526292,132216.9,8000000,31000000,29000000,13414933,309307.1,8000000,31000000,29000000,1,0,0,0,2046,867,2.0,1.0,60,240,144.9,62.5,3906.2,1,2,0,21,49,0,0,0,1,144.9,148.1,137.3,0,0,0,0,0,0,102,15152,43,5957,29200,64240,92,60,1244435,90000,1555544,933326,17576085,900000,18630650,16345759,Bot
6667,6,02/03/2018 10:18:34,13510772,99,46,12562,9280,240,60,150.5,74.3,240,60,136.7,50.0,636,3.0,27553159.7,8000000,31000000,29000000,13368402,134830.2,8000000,31000000,29000000,13103590,287011.7,8000000,31000000,29000000,1,0,0,0,1982,913,2.0,1.0,60,240,136.7,60.1,3606.0,0,2,0,22,50,0,0,0,1,136.7,150.5,136.7,0,0,0,0,0,0,99,14920,46,6243,29200,64240,89,60,1279532,90000,1599415,959649,18365589,900000,19467524,17079998,Bot
6667,6,02/03/2018 10:18:36,13167938,99,46,11767,9200,240,60,145.4,56.1,240,60,133.0,50.0,627,3.0,27405238.6,8000000,31000000,29000000,13580715,137144.3,8000000,31000000,29000000,13358425,289830.0,8000000,31000000,29000000,1,0,0,0,1980,921,2.0,1.0,60,240,136.5,67.3,4535.1,1,2,0,22,50,0,0,0,1,136.5,145.4,133.0,0,0,0,0,0,0,99,14400,46,6131,29200,64240,89,60,1210833,90000,1513542,908125,17928221,900000,19003914,16673246,Bot
6667,6,02/03/2018 10:18:38,13663317,104,46,12940,8504,240,60,146.8,57.6,240,60,131.3,50.0,639,3.0,27713324.9,8000000,31000000,29000000,13275124,127938.0,8000000,31000000,29000000,12936388,281969.6,8000000,31000000,29000000,1,0,0,0,2075,917,2.0,1.0,60,240,135.8,59.6,3556.6,0,2,0,22,46,0,0,0,1,135.8,146.8,131.3,0,0,0,0,0,0,104,15233,46,6025,29200,64240,93,60,1220582,90000,1525727,915436,18420768,900000,19526014,17131314,Bot
6667,6,02/03/2018 10:18:40,13820424,100,43,12008,8865,240,60,144.3,71.1,240,60,129.8,50.0,682,3.0,26446272.6,8000000,31000000,29000000,13684085,137041.3,8000000,31000000,29000000,13184815,307943.1,8000000,31000000,29000000,1,0,0,0,1997,856,2.0,1.0,60,240,143.6,59.0,3483.9,1,2,0,22,42,0,0,0,1,143.6,144.3,129.8,0,0,0,0,0,0,100,14410,43,5558,29200,64240,89,60,1239215,90000,1549019,929412,18117239,900000,19204273,16849032,Bot
443,6,02/03/2018 10:18:42,13179453,101,45,12551,9048,240,60,150.4,68.9,240,60,134.6,50.0,674,3.0,27202282.8,8000000,31000000,29000000,13308109,131806.1,8000000,31000000,29000000,13345197,296440.1,8000000,31000000,29000000,1,0,0,0,2019,900,2.0,1.0,60,240,139.9,63.0,3968.6,0,2,0,22,46,0,0,0,1,139.9,150.4,134.6,0,0,0,0,0,0,101,15185,45,6058,29200,64240,90,60,1216724,90000,1520905,912543,17959051,900000,19036594,16701917,Bot
80,6,02/03/2018 10:18:44,13504415,109,44,12718,8748,240,60,147.2,64.1,240,60,128.6,50.0,691,3.0,28029739.2,8000000,31000000,29000000,13400823,123031.0,8000000,31000000,29000000,13620661,309803.8,8000000,31000000,29000000,1,0,0,0,2178,879,2.0,1.0,60,240,142.4,69.5,4828.3,1,2,0,22,42,0,0,0,1,142.4,147.2,128.6,0,0,0,0,0,0,109,16036,44,5653,29200,64240,98,60,1222976,90000,1528720,917232,17684929,900000,18746024,16446984,Bot
80,6,02/03/2018 10:18:46,13216198,100,45,11910,9307,240,60,152.0,58.6,240,60,138.2,50.0,629,3.0,27613004.1,8000000,31000000,29000000,13804840,137940.0,8000000,31000000,29000000,13293070,293159.7,8000000,31000000,29000000,1,0,0,0,2001,906,2.0,1.0,60,240,141.7,69.6,4848.0,0,2,0,22,51,0,0,0,1,141.7,152.0,138.2,0,0,0,0,0,0,100,15208,45,6265,29200,64240,90,60,1309616,90000,1637020,982212,18627950,900000,19745627,17323994,Bot
80,6,02/03/2018 10:18:48,13970958,105,48,12224,9237,240,60,146.7,56.0,240,60,130.4,50.0,664,3.0,27268298.5,8000000,31000000,29000000,13322716,127194.5,8000000,31000000,29000000,13222899,274602.5,8000000,31000000,29000000,1,0,0,0,2094,963,2.0,1.0,60,240,144.3,66.2,4386.2,1,2,0,23,43,0,0,0,1,144.3,146.7,130.4,0,0,0,0,0,0,105,15369,48,6279,29200,64240,94,60,1315534,90000,1644417,986650,17827798,900000,18897466,16579852,Bot
6667,6,02/03/2018 10:18:50,14046086,106,48,12380,8877,240,60,145.6,58.4,240,60,134.1,50.0,627,3.0,27140055.0,8000000,31000000,29000000,13703222,129403.9,8000000,31000000,29000000,13294242,279824.2,8000000,31000000,29000000,1,0,0,0,2117,950,2.0,1.0,60,240,138.0,65.7,4315.7,0,2,0,23,48,0,0,0,1,138.0,145.6,134.1,0,0,0,0,0,0,106,15417,48,6371,29200,64240,95,60,1207024,90000,1508780,905268,18434909,900000,19541003,17144465,Bot
443,6,02/03/2018 10:18:52,13583072,103,45,12854,9220,240,60,148.3,59.8,240,60,137.8,50.0,685,3.0,26481578.3,8000000,31000000,29000000,13632542,131769.4,8000000,31000000,29000000,13481538,298241.8,8000000,31000000,29000000,1,0,0,0,2069,904,2.0,1.0,60,240,140.0,59.4,3532.7,1,2,0,23,48,0,0,0,1,140.0,148.3,137.8,0,0,0,0,0,0,103,15342,45,6228,29200,64240,93,60,1278588,90000,1598236,958941,18841168,900000,19971638,17522286,Bot
443,6,02/03/2018 10:18:54,13780794,112,46,14174,9846,240,60,151.4,69.8,240,60,129.3,50.0,670,3.0,26447061.0,8000000,31000000,29000000,13240931,117821.7,8000000,31000000,29000000,13596465,295707.9,8000000,31000000,29000000,1,0,0,0,2247,919,2.0,1.0,60,240,144.6,68.6,4709.4,0,2,0,23,51,0,0,0,1,144.6,151.4,129.3,0,0,0,0,0,0,112,17017,46,5946,29200,64240,101,60,1231082,90000,1538852,923311,19078629,900000,20223347,17743125,Bot
6667,6,02/03/2018 10:18:56,13632796,114,49,13786,9802,240,60,146.3,63.3,240,60,138.7,50.0,681,3.0,27746985.1,8000000,31000000,29000000,13738529,120111.5,8000000,31000000,29000000,13718859,280759.2,8000000,31000000,29000000,1,0,0,0,2287,977,2.0,1.0,60,240,134.3,59.7,3567.7,1,2,0,23,48,0,0,0,1,134.3,146.3,138.7,0,0,0,0,0,0,114,16739,49,6779,29200,64240,102,60,1311749,90000,1639686,983811,18767217,900000,19893250,17453512,Bot
6667,6,02/03/2018 10:18:58,14179963,112,50,13567,10508,240,60,148.5,62.1,240,60,130.0,50.0,715,3.0,26886574.2,8000000,31000000,29000000,13314486,118702.0,8000000,31000000,29000000,13364942,268482.2,8000000,31000000,29000000,1,0,0,0,2243,995,2.0,1.0,60,240,146.8,66.5,4416.0,0,2,0,23,50,0,0,0,1,146.8,148.5,130.0,0,0,0,0,0,0,112,16661,50,6471,29200,64240,100,60,1328657,90000,1660821,996493,18221565,900000,19314859,16946056,Bot
6667,6,02/03/2018 10:19:00,13736346,111,47,13567,9830,240,60,144.6,65.6,240,60,138.6,50.0,720,3.0,27682213.7,8000000,31000000,29000000,13942837,125445.9,8000000,31000000,29000000,13562842,286556.9,8000000,31000000,29000000,1,0,0,0,2222,946,2.0,1.0,60,240,141.2,63.5,4033.5,1,2,0,24,50,0,0,0,1,141.2,144.6,138.6,0,0,0,0,0,0,111,16066,47,6559,29200,64240,100,60,1292794,90000,1615992,969595,19065830,900000,20209780,17731222,Bot
6667,6,02/03/2018 10:19:02,13535579,112,48,13006,8962,240,60,146.8,57.0,240,60,133.3,50.0,723,3.0,27052145.5,8000000,31000000,29000000,13965005,124965.5,8000000,31000000,29000000,13459311,277961.8,8000000,31000000,29000000,1,0,0,0,2235,968,2.0,1.0,60,240,140.9,67.9,4605.2,0,2,0,24,47,0,0,0,1,140.9,146.8,133.3,0,0,0,0,0,0,112,16404,48,6457,29200,64240,100,60,1322820,90000,1653525,992115,18333891,900000,19433924,17050519,Bot
443,6,02/03/2018 10:19:04,14193036,110,48,14019,10068,240,60,149.6,71.5,240,60,130.8,50.0,701,3.0,27282389.3,8000000,31000000,29000000,13693344,124413.5,8000000,31000000,29000000,13588350,281617.0,8000000,31000000,29000000,1,0,0,0,2201,965,2.0,1.0,60,240,134.9,63.3,4006.2,1,2,0,24,43,0,0,0,1,134.9,149.6,130.8,0,0,0,0,0,0,110,16466,48,6310,29200,64240,99,60,1276235,90000,1595294,957176,18783779,900000,19910806,17468914,Bot
443,6,02/03/2018 10:19:06,14361714,114,50,13424,10480,240,60,151.3,62.5,240,60,130.1,50.0,723,3.0,26693531.8,8000000,31000000,29000000,13994474,122468.6,8000000,31000000,29000000,14038221,279627.3,8000000,31000000,29000000,1,0,0,0,2285,1004,2.0,1.0,60,240,136.3,67.3,4530.3,0,2,0,24,48,0,0,0,1,136.3,151.3,130.1,0,0,0,0,0,0,114,17288,50,6532,29200,64240,102,60,1296532,90000,1620665,972399,18058820,900000,19142349,16794703,Bot
443,6,02/03/2018 10:19:08,13767027,111,50,13709,9378,240,60,151.4,74.2,240,60,140.5,50.0,720,3.0,27926631.4,8000000,31000000,29000000,13658416,123227.0,8000000,31000000,29000000,13760011,276467.3,8000000,31000000,29000000,1,0,0,0,2216,995,2.0,1.0,60,240,144.8,65.2,4253.0,1,2,0,24,52,0,0,0,1,144.8,151.4,140.5,0,0,0,0,0,0,111,16784,50,6993,29200,64240,99,60,1306969,90000,1633712,980227,19069276,900000,20213433,17734427,Bot
6667,6,02/03/2018 10:19:10,13827337,113,47,13696,9479,240,60,151.9,66.3,240,60,137.1,50.0,671,3.0,27547112.6,8000000,31000000,29000000,13697945,120705.5,8000000,31000000,29000000,13892731,295024.4,8000000,31000000,29000000,1,0,0,0,2269,941,2.0,1.0,60,240,145.4,59.2,3499.9,0,2,0,24,48,0,0,0,1,145.4,151.9,137.1,0,0,0,0,0,0,113,17236,47,6457,29200,64240,102,60,1301490,90000,1626862,976117,19169095,900000,20319241,17827258,Bot
6667,6,02/03/2018 10:19:12,14336218,119,48,14137,9799,240,60,150.3,62.3,240,60,138.1,50.0,669,3.0,27275924.8,8000000,31000000,29000000,13907938,117177.3,8000000,31000000,29000000,14143314,296034.2,8000000,31000000,29000000,1,0,0,0,2373,955,2.0,1.0,60,240,141.3,68.5,4694.0,1,2,0,24,43,0,0,0,1,141.3,150.3,138.1,0,0,0,0,0,0,119,17841,48,6597,29200,64240,106,60,1245750,90000,1557188,934313,18321463,900000,19420751,17038961,Bot
6667,6,02/03/2018 10:19:14,14159467,122,49,14816,9112,240,60,146.4,69.0,240,60,139.1,50.0,679,3.0,26448165.4,8000000,31000000,29000000,13686947,111962.4,8000000,31000000,29000000,13988601,283431.0,8000000,31000000,29000000,1,0,0,0,2444,987,2.0,1.0,60,240,144.6,61.2,3746.2,0,2,0,25,52,0,0,0,1,144.6,146.4,139.1,0,0,0,0,0,0,122,17893,49,6864,29200,64240,110,60,1342134,90000,1677667,1006600,19296692,900000,20454493,17945923,Bot
443,6,02/03/2018 10:19:16,14511700,114,49,13353,9437,240,60,146.9,57.7,240,60,139.1,50.0,643,3.0,27360259.2,8000000,31000000,29000000,14386762,126124.0,8000000,31000000,29000000,14295235,290115.1,8000000,31000000,29000000,1,0,0,0,2281,985,2.0,1.0,60,240,137.2,60.8,3702.5,1,2,0,25,47,0,0,0,1,137.2,146.9,139.1,0,0,0,0,0,0,114,16753,49,6853,29200,64240,102,60,1285440,90000,1606800,964080,18936791,900000,20072999,17611216,Bot
80,6,02/03/2018 10:19:18,14181361,121,49,14941,10458,240,60,145.3,73.4,240,60,139.6,50.0,629,3.0,27452014.3,8000000,31000000,29000000,13978855,115930.2,8000000,31000000,29000000,14365055,291307.7,8000000,31000000,29000000,1,0,0,0,2411,986,2.0,1.0,60,240,141.1,70.2,4932.2,0,2,0,25,47,0,0,0,1,141.1,145.3,139.6,0,0,0,0,0,0,121,17524,49,6884,29200,64240,108,60,1355236,90000,1694045,1016427,19306179,900000,20464549,17954746,Bot
6667,6,02/03/2018 10:19:20,14022650,124,53,15782,9942,240,60,153.0,75.1,240,60,139.4,50.0,641,3.0,26738740.5,8000000,31000000,29000000,14034578,113575.7,8000000,31000000,29000000,14194707,268001.7,8000000,31000000,29000000,1,0,0,0,2471,1059,2.0,1.0,60,240,143.0,64.7,4184.5,1,2,0,25,43,0,0,0,1,143.0,153.0,139.4,0,0,0,0,0,0,124,18909,53,7384,29200,64240,111,60,1262257,90000,1577821,946693,18781048,900000,19907911,17466375,Bot
443,6,02/03/2018 10:19:22,13923663,123,50,14415,10059,240,60,150.5,73.9,240,60,131.1,50.0,644,3.0,27750050.5,8000000,31000000,29000000,13915611,113181.0,8000000,31000000,29000000,14151790,284263.4,8000000,31000000,29000000,1,0,0,0,2459,995,2.0,1.0,60,240,136.7,63.9,4085.3,0,2,0,25,51,0,0,0,1,136.7,150.5,131.1,0,0,0,0,0,0,123,18501,50,6528,29200,64240,110,60,1320667,90000,1650834,990500,19155203,900000,20304515,17814339,Bot
6667,6,02/03/2018 10:19:24,14045786,124,53,15582,11238,240,60,145.7,75.0,240,60,131.0,50.0,655,3.0,26371281.3,8000000,31000000,29000000,14458909,116483.9,8000000,31000000,29000000,13964582,265480.8,8000000,31000000,29000000,1,0,0,0,2482,1052,2.0,1.0,60,240,135.1,69.2,4785.2,1,2,0,25,44,0,0,0,1,135.1,145.7,131.0,0,0,0,0,0,0,124,18084,53,6891,29200,64240,111,60,1306498,90000,1633122,979873,19055490,900000,20198819,17721606,Bot
80,6,02/03/2018 10:19:26,14779057,120,54,14658,11529,240,60,149.2,62.3,240,60,129.4,50.0,637,3.0,27124187.1,8000000,31000000,29000000,14387517,120207.5,8000000,31000000,29000000,14487137,269259.1,8000000,31000000,29000000,1,0,0,0,2393,1076,2.0,1.0,60,240,137.6,70.3,4938.0,0,2,0,25,45,0,0,0,1,137.6,149.2,129.4,0,0,0,0,0,0,120,17854,54,6960,29200,64240,107,60,1283849,90000,1604812,962887,18297902,900000,19395776,17017049,Bot
80,6,02/03/2018 10:19:28,14040599,122,53,15101,9774,240,60,151.0,71.2,240,60,133.6,50.0,655,3.0,26608925.0,8000000,31000000,29000000,14550871,119174.7,8000000,31000000,29000000,13933944,263929.3,8000000,31000000,29000000,1,0,0,0,2441,1055,2.0,1.0,60,240,148.0,62.4,3897.0,1,2,0,26,52,0,0,0,1,148.0,151.0,133.6,0,0,0,0,0,0,122,18433,53,7051,29200,64240,109,60,1286426,90000,1608032,964819,19173588,900000,20324003,17831437,Bot
6667,6,02/03/2018 10:19:30,14447729,124,51,15170,10648,240,60,148.9,66.5,240,60,134.0,50.0,663,3.0,26849771.1,8000000,31000000,29000000,14100846,113866.1,8000000,31000000,29000000,14697332,290154.2,8000000,31000000,29000000,1,0,0,0,2476,1013,2.0,1.0,60,240,135.1,71.7,5147.0,0,2,0,26,45,0,0,0,1,135.1,148.9,134.0,0,0,0,0,0,0,124,18437,51,6790,29200,64240,111,60,1347617,90000,1684521,1010712,19715533,900000,20898465,18335446,Bot
80,6,02/03/2018 10:19:32,14544383,124,52,15473,10768,240,60,148.2,58.0,240,60,130.9,50.0,724,3.0,27330337.1,8000000,31000000,29000000,14363148,116107.8,8000000,31000000,29000000,14311231,275911.5,8000000,31000000,29000000,1,0,0,0,2474,1037,2.0,1.0,60,240,148.9,61.1,3732.6,1,2,0,26,47,0,0,0,1,148.9,148.2,130.9,0,0,0,0,0,0,124,18335,52,6788,29200,64240,111,60,1281976,90000,1602471,961482,19385081,900000,20548186,18028126,Bot
6667,6,02/03/2018 10:19:34,14391384,123,51,14856,9816,240,60,150.3,73.7,240,60,140.8,50.0,736,3.0,27748727.7,8000000,31000000,29000000,14074826,114671.8,8000000,31000000,29000000,14629503,288670.3,8000000,31000000,29000000,1,0,0,0,2454,1013,2.0,1.0,60,240,140.8,61.7,3807.1,0,2,0,26,44,0,0,0,1,140.8,150.3,140.8,0,0,0,0,0,0,123,18452,51,7136,29200,64240,110,60,1375218,90000,1719023,1031414,18371255,900000,19473531,17085268,Bot
80,6,02/03/2018 10:19:36,14675017,128,53,15124,11288,240,60,148.4,58.6,240,60,139.3,50.0,647,3.0,26315075.9,8000000,31000000,29000000,14352190,112438.4,8000000,31000000,29000000,14244540,267791.7,8000000,31000000,29000000,1,0,0,0,2552,1063,2.0,1.0,60,240,142.2,65.9,4338.8,1,2,0,26,47,0,0,0,1,142.2,148.4,139.3,0,0,0,0,0,0,128,18941,53,7412,29200,64240,114,60,1333897,90000,1667372,1000423,19708161,900000,20890651,18328590,Bot
6667,6,02/03/2018 10:19:38,14454434,127,55,15091,11050,240,60,151.8,63.9,240,60,128.5,50.0,682,3.0,26931020.5,8000000,31000000,29000000,14683774,115911.2,8000000,31000000,29000000,14554182,262658.5,8000000,31000000,29000000,1,0,0,0,2533,1108,2.0,1.0,60,240,136.6,67.2,4520.8,0,2,0,26,48,0,0,0,1,136.6,151.8,128.5,0,0,0,0,0,0,127,19231,55,7119,29200,64240,114,60,1324654,90000,1655818,993491,18632028,900000,19749949,17327786,Bot
6667,6,02/03/2018 10:19:40,14291285,131,53,15509,10989,240,60,144.9,72.9,240,60,133.3,50.0,637,3.0,27295039.7,8000000,31000000,29000000,14887184,113561.9,8000000,31000000,29000000,14762922,281014.2,8000000,31000000,29000000,1,0,0,0,2621,1050,2.0,1.0,60,240,137.9,61.4,3766.4,1,2,0,27,47,0,0,0,1,137.9,144.9,133.3,0,0,0,0,0,0,131,18998,53,7001,29200,64240,117,60,1353697,90000,1692122,1015273,19541342,900000,20713822,18173448,Bot
6667,6,02/03/2018 10:19:42,14771150,124,55,14515,11416,240,60,147.7,65.7,240,60,138.5,50.0,742,3.0,26673178.7,8000000,31000000,29000000,14634168,118009.0,8000000,31000000,29000000,14335520,260532.8,8000000,31000000,29000000,1,0,0,0,2480,1100,2.0,1.0,60,240,143.5,65.9,4336.3,0,2,0,27,52,0,0,0,1,143.5,147.7,138.5,0,0,0,0,0,0,124,18316,55,7620,29200,64240,111,60,1341647,90000,1677059,1006235,18477975,900000,19586653,17184516,Bot
443,6,02/03/2018 10:19:44,14967985,136,52,16559,10178,240,60,154.0,71.1,240,60,141.2,50.0,719,3.0,26653771.8,8000000,31000000,29000000,14263092,104926.5,8000000,31000000,29000000,14899803,286657.9,8000000,31000000,29000000,1,0,0,0,2718,1039,2.0,1.0,60,240,140.8,61.9,3830.3,1,2,0,27,53,0,0,0,1,140.8,154.0,141.2,0,0,0,0,0,0,136,20930,52,7341,29200,64240,122,60,1433660,90000,1792075,1075245,18871584,900000,20003879,17550573,Bot
6667,6,02/03/2018 10:19:46,14401099,124,58,15074,12116,240,60,146.4,73.7,240,60,134.1,50.0,668,3.0,27673335.5,8000000,31000000,29000000,14282571,114860.0,8000000,31000000,29000000,14737654,255999.8,8000000,31000000,29000000,1,0,0,0,2486,1151,2.0,1.0,60,240,142.5,71.5,5113.4,0,2,0,27,44,0,0,0,1,142.5,146.4,134.1,0,0,0,0,0,0,124,18208,58,7720,29200,64240,111,60,1327021,90000,1658776,995266,18641461,900000,19759949,17336559,Bot
6667,6,02/03/2018 10:19:48,14848027,129,56,15340,11499,240,60,146.8,72.9,240,60,133.0,50.0,736,3.0,26269519.5,8000000,31000000,29000000,15014051,115945.9,8000000,31000000,29000000,14970177,265486.7,8000000,31000000,29000000,1,0,0,0,2589,1127,2.0,1.0,60,240,146.6,69.8,4868.5,1,2,0,27,50,0,0,0,1,146.6,146.8,133.0,0,0,0,0,0,0,129,19006,56,7498,29200,64240,116,60,1323660,90000,1654575,992745,19523268,900000,20694664,18156639,Bot
6667,6,02/03/2018 10:19:50,15139269,133,55,16058,11233,240,60,148.3,66.3,240,60,130.5,50.0,723,3.0,26330054.3,8000000,31000000,29000000,14687138,110297.9,8000000,31000000,29000000,14614045,267140.3,8000000,31000000,29000000,1,0,0,0,2663,1094,2.0,1.0,60,240,145.0,67.1,4497.5,0,2,0,27,44,0,0,0,1,145.0,148.3,130.5,0,0,0,0,0,0,133,19749,55,7140,29200,64240,119,60,1395327,90000,1744159,1046495,19134675,900000,20282755,17795247,Bot
6667,6,02/03/2018 10:19:52,15132149,129,54,15185,10110,240,60,146.7,74.5,240,60,138.5,50.0,699,3.0,26849258.6,8000000,31000000,29000000,14474973,112452.6,8000000,31000000,29000000,14787621,274298.6,8000000,31000000,29000000,1,0,0,0,2574,1078,2.0,1.0,60,240,147.3,68.5,4690.9,1,2,0,27,49,0,0,0,1,147.3,146.7,138.5,0,0,0,0,0,0,129,18887,54,7465,29200,64240,115,60,1410895,90000,1763619,1058171,18958844,900000,20096375,17631725,Bot
6667,6,02/03/2018 10:19:54,14718314,137,57,16619,11274,240,60,147.7,75.6,240,60,136.2,50.0,698,3.0,27508697.7,8000000,31000000,29000000,14718243,107754.1,8000000,31000000,29000000,15110461,266890.0,8000000,31000000,29000000,1,0,0,0,2731,1132,2.0,1.0,60,240,137.7,65.1,4241.9,0,2,0,28,45,0,0,0,1,137.7,147.7,136.2,0,0,0,0,0,0,137,20175,57,7709,29200,64240,122,60,1348631,90000,1685788,1011473,19604888,900000,20781181,18232546,Bot
6667,6,02/03/2018 10:19:56,15006509,136,54,17154,10162,240,60,150.9,75.5,240,60,128.5,50.0,728,3.0,26780181.2,8000000,31000000,29000000,14913353,109275.8,8000000,31000000,29000000,15239333,283409.8,8000000,31000000,29000000,1,0,0,0,2729,1075,2.0,1.0,60,240,135.5,68.1,4634.4,1,2,0,28,51,0,0,0,1,135.5,150.9,128.5,0,0,0,0,0,0,136,20595,54,6911,29200,64240,122,60,1331836,90000,1664795,998877,18783767,900000,19910793,17468903,Bot
6667,6,02/03/2018 10:19:58,14989402,139,55,17198,11116,240,60,145.7,74.4,240,60,136.0,50.0,732,3.0,27792801.8,8000000,31000000,29000000,15136247,108815.0,8000000,31000000,29000000,14436350,262453.3,8000000,31000000,29000000,1,0,0,0,2782,1100,2.0,1.0,60,240,137.6,63.7,4053.6,0,2,0,28,52,0,0,0,1,137.6,145.7,136.0,0,0,0,0,0,0,139,20274,55,7479,29200,64240,125,60,1351858,90000,1689823,1013894,19574333,900000,20748793,18204130,Bot
4444,6,02/03/2018 14:30:00,36316628,6740,375,9726910,52631,1460,1200,1437.6,124.5,240,40,154.7,44.0,311341,111.1,8140.4,24000,880000,20,36171361,5366.7,24000,880000,20,36171361,96478.7,24000,880000,20,1,0,0,0,134799,7498,102.0,13.4,40,1460,1320.0,507.4,257424.7,1,6,1,260,5525,0,0,0,0.1,1320.0,1437.6,154.7,2,1,0,1,1,0,6740,9726910,375,52631,64240,1024,6638,1200,10929102,800000,14317124,7431790,2559884,300000,3327850,1740721,Bot
6667,6,02/03/2018 14:30:02,36026433,6539,401,9368468,48369,1460,1200,1420.4,150.0,240,40,146.7,44.0,315831,108.3,8501.2,24000,880000,20,35882327,5487.2,24000,880000,20,35882327,89384.0,24000,880000,20,1,0,0,0,130786,8028,101.2,13.4,40,1460,1350.2,473.9,224622.5,1,6,1,262,6021,0,0,0,0.1,1350.2,1420.4,146.7,2,1,0,1,1,0,6539,9368468,401,48369,64240,1024,6441,1200,10731274,800000,14057970,7297267,2450466,300000,3185606,1666317,Bot
8080,6,02/03/2018 14:30:04,36715419,6583,398,9564960,54329,1460,1200,1434.9,149.1,240,40,142.6,44.0,297105,113.2,8529.5,24000,880000,20,36568557,5554.9,24000,880000,20,36568557,91857.9,24000,880000,20,1,0,0,0,131662,7961,103.1,13.5,40,1460,1369.9,492.1,242144.6,1,6,1,264,5501,0,0,0,0.1,1369.9,1434.9,142.6,2,1,0,1,1,0,6583,9564960,398,54329,64240,1024,6484,1200,10890266,800000,14266248,7405381,2648198,300000,3442657,1800775,Bot
443,6,02/03/2018 14:30:06,36830731,6666,400,9725532,54588,1460,1200,1425.7,133.0,240,40,139.8,44.0,309487,111.3,8895.1,24000,880000,20,36683408,5503.4,24000,880000,20,36683408,91728.7,24000,880000,20,1,0,0,0,133311,7998,100.8,14.2,40,1460,1318.7,525.1,275726.1,1,6,1,266,6051,0,0,0,0.1,1318.7,1425.7,139.8,2,1,0,1,1,0,6666,9725532,400,54588,64240,1024,6565,1200,10954513,800000,14350412,7449069,2544914,300000,3308388,1730541,Bot
8080,6,02/03/2018 14:30:08,36553100,6884,389,9845093,54573,1460,1200,1432.7,148.8,240,40,156.3,44.0,317404,113.4,8505.5,24000,880000,20,36406887,5288.4,24000,880000,20,36406887,93557.5,24000,880000,20,1,0,0,0,137684,7782,99.9,13.6,40,1460,1331.2,532.9,284012.9,1,6,1,268,5991,0,0,0,0.1,1331.2,1432.7,156.3,2,1,0,1,1,0,6884,9845093,389,54573,64240,1024,6780,1200,11665169,800000,15281371,7932315,2551234,300000,3316605,1734839,Bot
6667,6,02/03/2018 14:30:10,35709142,7035,378,10052137,50433,1460,1200,1446.3,120.2,240,40,153.6,44.0,318092,112.9,8554.6,24000,880000,20,35566305,5055.7,24000,880000,20,35566305,94174.4,24000,880000,20,1,0,0,0,140697,7553,100.8,14.5,40,1460,1354.6,472.4,223114.6,1,6,1,270,6058,0,0,0,0.1,1354.6,1446.3,153.6,2,1,0,1,1,0,7035,10052137,378,50433,64240,1024,6929,1200,11094074,800000,14533237,7543970,2444047,300000,3177261,1661952,Bot
4444,6,02/03/2018 14:30:12,37112210,6999,378,10117340,45709,1460,1200,1431.0,133.9,240,40,143.5,44.0,317041,110.5,8752.8,24000,880000,20,36963761,5281.1,24000,880000,20,36963761,97662.9,24000,880000,20,1,0,0,0,139984,7569,104.1,14.3,40,1460,1325.5,537.4,288798.5,1,6,1,272,5606,0,0,0,0.1,1325.5,1431.0,143.5,2,1,0,1,1,0,6999,10117340,378,45709,64240,1024,6894,1200,11109663,800000,14553659,7554571,2627923,300000,3416299,1786987,Bot
443,6,02/03/2018 14:30:14,35941129,7044,408,10278617,56388,1460,1200,1431.9,149.4,240,40,141.6,44.0,313599,113.3,8621.1,24000,880000,20,35797365,5082.3,24000,880000,20,35797365,87768.4,24000,880000,20,1,0,0,0,140871,8157,103.1,13.8,40,1460,1359.7,523.8,274401.5,1,6,1,274,5589,0,0,0,0.1,1359.7,1431.9,141.6,2,1,0,1,1,0,7044,10278617,408,56388,64240,1024,6937,1200,10775965,800000,14116514,7327656,2589925,300000,3366902,1761149,Bot
8080,6,02/03/2018 14:30:16,37155087,7189,410,10348794,49600,1460,1200,1436.0,146.3,240,40,153.3,44.0,296182,109.9,8319.5,24000,880000,20,37006466,5147.6,24000,880000,20,37006466,90163.4,24000,880000,20,1,0,0,0,143781,8208,99.3,14.4,40,1460,1322.1,517.2,267461.1,1,6,1,276,5575,0,0,0,0.1,1322.1,1436.0,153.3,2,1,0,1,1,0,7189,10348794,410,49600,64240,1024,7081,1200,11333326,800000,14846657,7706662,2726639,300000,3544630,1854114,Bot
443,6,02/03/2018 14:30:18,37085665,7376,401,10704120,55061,1460,1200,1426.6,123.6,240,40,144.4,44.0,316020,113.8,8678.7,24000,880000,20,36937323,5007.9,24000,880000,20,36937323,92071.5,24000,880000,20,1,0,0,0,147515,8023,100.7,15.0,40,1460,1325.0,532.8,283897.4,1,6,1,278,5623,0,0,0,0.1,1325.0,1426.6,144.4,2,1,0,1,1,0,7376,10704120,401,55061,64240,1024,7265,1200,11703155,800000,15331133,7958145,2588255,300000,3364732,1760013,Bot
8443,6,02/03/2018 14:30:20,36135971,7419,404,10659257,52110,1460,1200,1433.1,134.9,240,40,139.6,44.0,296587,111.3,8691.3,24000,880000,20,35991428,4851.3,24000,880000,20,35991428,89001.7,24000,880000,20,1,0,0,0,148378,8087,103.7,14.3,40,1460,1332.6,495.6,245617.7,1,6,1,280,5539,0,0,0,0.1,1332.6,1433.1,139.6,2,1,0,1,1,0,7419,10659257,404,52110,64240,1024,7307,1200,10986914,800000,14392858,7471102,2502326,300000,3253024,1701582,Bot
4444,6,02/03/2018 14:30:22,36596593,7436,429,10795807,56112,1460,1200,1428.0,136.6,240,40,154.9,44.0,308670,114.8,8805.2,24000,880000,20,36450206,4901.6,24000,880000,20,36450206,84885.4,24000,880000,20,1,0,0,0,148727,8588,102.6,14.9,40,1460,1319.4,477.5,228014.1,1,6,1,282,6093,0,0,0,0.1,1319.4,1428.0,154.9,2,1,0,1,1,0,7436,10795807,429,56112,64240,1024,7324,1200,11411734,800000,14949371,7759979,2748122,300000,3572559,1868723,Bot
6667,6,02/03/2018 14:30:24,37354520,7696,411,10965340,51409,1460,1200,1427.2,149.7,240,40,149.3,44.0,305482,113.4,8488.3,24000,880000,20,37205102,4834.4,24000,880000,20,37205102,90441.1,24000,880000,20,1,0,0,0,153918,8227,99.8,14.2,40,1460,1326.8,537.7,289168.7,1,6,1,284,5900,0,0,0,0.1,1326.8,1427.2,149.3,2,1,0,1,1,0,7696,10965340,411,51409,64240,1024,7580,1200,11764328,800000,15411270,7999743,2526982,300000,3285077,1718348,Bot
4444,6,02/03/2018 14:30:26,37170245,7687,417,10952654,52750,1460,1200,1446.8,148.2,240,40,141.9,44.0,312955,115.6,8063.4,24000,880000,20,37021564,4816.4,24000,880000,20,37021564,88781.7,24000,880000,20,1,0,0,0,153731,8339,101.7,15.1,40,1460,1363.4,502.0,252037.3,1,6,1,286,5647,0,0,0,0.1,1363.4,1446.8,141.9,2,1,0,1,1,0,7687,10952654,417,52750,64240,1024,7571,1200,11916321,800000,15610381,8103099,2808404,300000,3650925,1909715,Bot
443,6,02/03/2018 14:30:28,36463610,7625,427,10868553,55100,1460,1200,1445.4,129.9,240,40,147.4,44.0,300590,112.2,8502.1,24000,880000,20,36317756,4763.1,24000,880000,20,36317756,85015.9,24000,880000,20,1,0,0,0,152497,8543,100.5,13.9,40,1460,1335.1,515.7,265978.6,1,6,1,288,5798,0,0,0,0.1,1335.1,1445.4,147.4,2,1,0,1,1,0,7625,10868553,427,55100,64240,1024,7510,1200,11365016,800000,14888171,7728211,2547350,300000,3311555,1732198,Bot
443,6,02/03/2018 14:30:30,36910344,7842,419,11281142,51347,1460,1200,1440.6,140.6,240,40,141.2,44.0,316522,113.6,8349.7,24000,880000,20,36762703,4687.7,24000,880000,20,36762703,87748.8,24000,880000,20,1,0,0,0,156849,8379,105.3,14.2,40,1460,1325.4,504.0,253985.0,1,6,1,290,5936,0,0,0,0.1,1325.4,1440.6,141.2,2,1,0,1,1,0,7842,11281142,419,51347,64240,1024,7724,1200,11685203,800000,15307616,7945938,2610147,300000,3393191,1774900,Bot
8080,6,02/03/2018 14:30:32,37454409,7948,413,11306262,50540,1460,1200,1426.8,129.5,240,40,134.5,44.0,313507,114.4,8374.4,24000,880000,20,37304591,4693.6,24000,880000,20,37304591,90305.1,24000,880000,20,1,0,0,0,158960,8261,103.3,15.0,40,1460,1353.0,500.9,250900.9,1,6,1,292,5726,0,0,0,0.1,1353.0,1426.8,134.5,2,1,0,1,1,0,7948,11306262,413,50540,64240,1024,7828,1200,11220380,800000,14698697,7629858,2833769,300000,3683900,1926963,Bot
4444,6,02/03/2018 14:30:34,37930117,7966,440,11640831,58581,1460,1200,1443.2,140.6,240,40,142.2,44.0,302631,112.3,8665.9,24000,880000,20,37778396,4742.7,24000,880000,20,37778396,85889.1,24000,880000,20,1,0,0,0,159311,8797,104.3,14.9,40,1460,1362.7,536.5,287794.8,1,6,1,294,6034,0,0,0,0.1,1362.7,1443.2,142.2,2,1,0,1,1,0,7966,11640831,440,58581,64240,1024,7846,1200,11392791,800000,14924556,7747098,2747929,300000,3572308,1868592,Bot
8443,6,02/03/2018 14:30:36,37547422,8134,435,11627981,55676,1460,1200,1420.8,138.9,240,40,138.7,44.0,300970,111.2,8814.3,24000,880000,20,37397232,4597.6,24000,880000,20,37397232,85969.7,24000,880000,20,1,0,0,0,162681,8700,105.2,14.4,40,1460,1371.4,500.7,250722.9,1,6,1,296,6095,0,0,0,0.1,1371.4,1420.8,138.7,2,1,0,1,1,0,8134,11627981,435,55676,64240,1024,8012,1200,11591047,800000,15184272,7881912,2752056,300000,3577673,1871398,Bot
6667,6,02/03/2018 14:30:38,36798453,8136,423,11755871,52672,1460,1200,1422.7,130.8,240,40,145.3,44.0,306280,112.6,8497.9,24000,880000,20,36651259,4505.0,24000,880000,20,36651259,86666.0,24000,880000,20,1,0,0,0,162713,8458,101.9,14.2,40,1460,1353.6,486.1,236305.4,1,6,1,298,5641,0,0,0,0.1,1353.6,1422.7,145.3,2,1,0,1,1,0,8136,11755871,423,52672,64240,1024,8013,1200,11619756,800000,15221881,7901434,2841323,300000,3693719,1932099,Bot
6667,6,02/03/2018 14:30:40,37731579,8193,448,11626700,62275,1460,1200,1420.5,132.5,240,40,141.4,44.0,316142,116.7,8531.8,24000,880000,20,37580653,4587.1,24000,880000,20,37580653,83951.9,24000,880000,20,1,0,0,0,163852,8952,102.6,15.4,40,1460,1336.5,477.0,227498.8,1,6,1,300,5623,0,0,0,0.1,1336.5,1420.5,141.4,2,1,0,1,1,0,8193,11626700,448,62275,64240,1024,8069,1200,12087666,800000,15834843,8219613,2926720,300000,3804736,1990170,Bot
8080,6,02/03/2018 14:30:42,37239752,8442,460,12334784,60579,1460,1200,1443.7,131.3,240,40,153.5,44.0,308357,115.0,8187.2,24000,880000,20,37090793,4393.4,24000,880000,20,37090793,80620.8,24000,880000,20,1,0,0,0,168849,9201,105.7,14.5,40,1460,1354.1,481.6,231909.5,1,6,1,302,6060,0,0,0,0.1,1354.1,1443.7,153.5,2,1,0,1,1,0,8442,12334784,460,60579,64240,1024,8315,1200,11192828,800000,14662605,7611123,2605585,300000,3387260,1771798,Bot
4444,6,02/03/2018 14:30:44,37330681,8454,425,12073549,54780,1460,1200,1442.3,137.0,240,40,150.5,44.0,300922,116.7,8400.4,24000,880000,20,37181358,4398.2,24000,880000,20,37181358,87492.9,24000,880000,20,1,0,0,0,169077,8499,104.6,15.2,40,1460,1343.3,517.0,267336.1,1,6,1,304,6009,0,0,0,0.1,1343.3,1442.3,150.5,2,1,0,1,1,0,8454,12073549,425,54780,64240,1024,8327,1200,12282622,800000,16090235,8352183,2794902,300000,3633372,1900533,Bot
8443,6,02/03/2018 14:30:46,37217992,8515,459,12306451,63100,1460,1200,1428.5,138.8,240,40,155.9,44.0,308721,116.9,8288.4,24000,880000,20,37069120,4353.3,24000,880000,20,37069120,80735.4,24000,880000,20,1,0,0,0,170301,9182,106.5,14.4,40,1460,1353.3,477.1,227623.5,1,6,1,306,6085,0,0,0,0.1,1353.3,1428.5,155.9,2,1,0,1,1,0,8515,12306451,459,63100,64240,1024,8387,1200,11779315,800000,15430902,8009934,2613775,300000,3397908,1777367,Bot
8443,6,02/03/2018 14:30:48,38643703,8859,434,12714042,54366,1460,1200,1425.4,120.3,240,40,136.1,44.0,309558,117.7,8648.3,24000,880000,20,38489128,4344.5,24000,880000,20,38489128,88754.5,24000,880000,20,1,0,0,0,177186,8673,102.2,15.0,40,1460,1359.4,540.2,291790.8,1,6,1,308,5803,0,0,0,0.1,1359.4,1425.4,136.1,2,1,0,1,1,0,8859,12714042,434,54366,64240,1024,8726,1200,12278003,800000,16084183,8349042,2647875,300000,3442237,1800555,Bot
8443,6,02/03/2018 14:30:50,38368485,8887,443,12759821,59284,1460,1200,1437.7,126.9,240,40,140.9,44.0,306870,113.4,8646.0,24000,880000,20,38215012,4300.0,24000,880000,20,38215012,86285.3,24000,880000,20,1,0,0,0,177742,8857,105.1,14.5,40,1460,1323.9,468.5,219513.1,1,6,1,310,5624,0,0,0,0.1,1323.9,1437.7,140.9,2,1,0,1,1,0,8887,12759821,443,59284,64240,1024,8753,1200,12148318,800000,15914296,8260856,2979229,300000,3872997,2025876,Bot
6667,6,02/03/2018 14:30:52,37857273,9192,467,13414713,64559,1460,1200,1433.9,141.6,240,40,138.4,44.0,317061,115.5,8035.6,24000,880000,20,37705844,4101.9,24000,880000,20,37705844,80748.1,24000,880000,20,1,0,0,0,183843,9339,103.9,14.6,40,1460,1345.2,542.4,294202.6,1,6,1,312,6019,0,0,0,0.1,1345.2,1433.9,138.4,2,1,0,1,1,0,9192,13414713,467,64559,64240,1024,9054,1200,11581070,800000,15171202,7875128,2697821,300000,3507168,1834519,Bot
4444,6,02/03/2018 14:30:54,38637514,8888,476,12724436,57699,1460,1200,1440.8,120.9,240,40,145.3,44.0,308251,115.9,8283.0,24000,880000,20,38482964,4329.8,24000,880000,20,38482964,80849.1,24000,880000,20,1,0,0,0,177757,9519,103.4,14.8,40,1460,1357.8,514.5,264737.6,1,6,1,314,5631,0,0,0,0.1,1357.8,1440.8,145.3,2,1,0,1,1,0,8888,12724436,476,57699,64240,1024,8754,1200,11666978,800000,15283741,7933545,3042084,300000,3954710,2068617,Bot
8080,6,02/03/2018 14:30:56,38560042,8922,469,12845018,65234,1460,1200,1442.3,125.0,240,40,147.6,44.0,332529,114.6,8818.4,24000,880000,20,38405802,4304.7,24000,880000,20,38405802,81927.0,24000,880000,20,1,0,0,0,178435,9375,104.0,15.5,40,1460,1371.4,536.4,287726.8,1,6,1,316,6135,0,0,0,0.1,1371.4,1442.3,147.6,2,1,0,1,1,0,8922,12845018,469,65234,64240,1024,8787,1200,12487228,800000,16358268,8491315,2907101,300000,3779231,1976829,Bot
4444,6,02/03/2018 14:30:58,38967075,8976,485,12888635,63287,1460,1200,1432.6,141.1,240,40,145.5,44.0,328356,116.2,8559.4,24000,880000,20,38811206,4323.7,24000,880000,20,38811206,80041.9,24000,880000,20,1,0,0,0,179529,9697,107.2,15.0,40,1460,1334.2,536.8,288117.2,1,6,1,318,6126,0,0,0,0.1,1334.2,1432.6,145.5,2,1,0,1,1,0,8976,12888635,485,63287,64240,1024,8841,1200,11490517,800000,15052578,7813552,2673584,300000,3475659,1818037,Bot
4444,6,02/03/2018 14:31:00,38071571,9475,483,13442063,58911,1460,1200,1442.7,141.4,240,40,152.9,44.0,303397,114.4,8692.7,24000,880000,20,37919285,4002.2,24000,880000,20,37919285,78498.9,24000,880000,20,1,0,0,0,189493,9661,103.0,15.7,40,1460,1328.7,509.8,259879.3,1,6,1,320,6026,0,0,0,0.1,1328.7,1442.7,152.9,2,1,0,1,1,0,9475,13442063,483,58911,64240,1024,9332,1200,11797792,800000,15455108,8022499,2967042,300000,3857155,2017589,Bot
6667,6,02/03/2018 14:31:02,38097692,9658,480,13751437,65291,1460,1200,1421.4,137.7,240,40,157.6,44.0,319772,116.3,8078.5,24000,880000,20,37945301,3929.1,24000,880000,20,37945301,79042.7,24000,880000,20,1,0,0,0,193150,9601,104.7,14.9,40,1460,1360.9,484.1,234363.7,1,6,1,322,6018,0,0,0,0.1,1360.9,1421.4,157.6,2,1,0,1,1,0,9658,13751437,480,65291,64240,1024,9512,1200,12554298,800000,16446131,8536923,3090244,300000,4017318,2101366,Bot
4444,6,02/03/2018 14:31:04,37830883,9795,471,14009632,60350,1460,1200,1431.3,148.7,240,40,137.3,44.0,312851,116.1,8621.5,24000,880000,20,37679559,3847.0,24000,880000,20,37679559,79914.9,24000,880000,20,1,0,0,0,195891,9429,105.2,15.3,40,1460,1331.2,485.5,235705.6,1,6,1,324,5829,0,0,0,0.1,1331.2,1431.3,137.3,2,1,0,1,1,0,9795,14009632,471,60350,64240,1024,9647,1200,12258118,800000,16058135,8335520,2905274,300000,3776856,1975586,Bot
4444,6,02/03/2018 14:31:06,37928039,9637,462,13670932,55745,1460,1200,1427.6,125.5,240,40,142.4,44.0,326762,119.6,8184.7,24000,880000,20,37776327,3919.9,24000,880000,20,37776327,81783.6,24000,880000,20,1,0,0,0,192739,9238,104.0,16.0,40,1460,1345.3,503.8,253860.1,1,6,1,326,6139,0,0,0,0.1,1345.3,1427.6,142.4,2,1,0,1,1,0,9637,13670932,462,55745,64240,1024,9492,1200,12160073,800000,15929696,8268850,2881330,300000,3745729,1959304,Bot
4444,6,02/03/2018 14:31:08,38908116,9932,489,14459920,62288,1460,1200,1436.1,145.5,240,40,156.4,44.0,304299,116.8,8785.1,24000,880000,20,38752484,3901.9,24000,880000,20,38752484,79169.2,24000,880000,20,1,0,0,0,198632,9789,108.7,15.7,40,1460,1341.6,544.8,296791.2,1,6,1,328,5895,0,0,0,0.1,1341.6,1436.1,156.4,2,1,0,1,1,0,9932,14459920,489,62288,64240,1024,9782,1200,12694238,800000,16629451,8632082,2863676,300000,3722779,1947300,Bot
4444,6,02/03/2018 14:31:10,39284363,9550,489,13699908,68149,1460,1200,1446.6,149.1,240,40,156.8,44.0,322304,114.1,8155.0,24000,880000,20,39127226,4097.2,24000,880000,20,39127226,80084.9,24000,880000,20,1,0,0,0,190995,9771,105.6,15.1,40,1460,1358.3,531.7,282749.7,1,6,1,330,6024,0,0,0,0.1,1358.3,1446.6,156.8,2,1,0,1,1,0,9550,13699908,489,68149,64240,1024,9406,1200,12457061,800000,16318749,8470801,2694076,300000,3502299,1831972,Bot
8443,6,02/03/2018 14:31:12,38290639,10106,467,14665733,60372,1460,1200,1443.8,134.2,240,40,137.0,44.0,335545,114.5,8785.2,24000,880000,20,38137476,3773.6,24000,880000,20,38137476,81712.0,24000,880000,20,1,0,0,0,202128,9334,105.0,15.5,40,1460,1343.3,490.7,240776.8,1,6,1,332,6264,0,0,0,0.1,1343.3,1443.8,137.0,2,1,0,1,1,0,10106,14665733,467,60372,64240,1024,9954,1200,12382847,800000,16221530,8420336,3075470,300000,3998111,2091320,Bot
6667,6,02/03/2018 14:31:14,38831771,10032,499,14573188,65144,1460,1200,1421.2,131.9,240,40,144.6,44.0,313837,114.5,8786.8,24000,880000,20,38676444,3855.4,24000,880000,20,38676444,77532.6,24000,880000,20,1,0,0,0,200635,9976,106.0,16.2,40,1460,1356.1,537.1,288499.0,1,6,1,334,5733,0,0,0,0.1,1356.1,1421.2,144.6,2,1,0,1,1,0,10032,14573188,499,65144,64240,1024,9881,1200,12336483,800000,16160792,8388808,3134669,300000,4075070,2131575,Bot
8443,6,02/03/2018 14:31:16,39658124,10252,494,14772545,69210,1460,1200,1446.5,133.5,240,40,141.5,44.0,306017,116.4,8163.9,24000,880000,20,39499492,3853.0,24000,880000,20,39499492,79993.5,24000,880000,20,1,0,0,0,205030,9875,104.9,15.1,40,1460,1346.3,474.8,225453.8,1,6,1,336,5738,0,0,0,0.1,1346.3,1446.5,141.5,2,1,0,1,1,0,10252,14772545,494,69210,64240,1024,10097,1200,11741799,800000,15381757,7984424,2829169,300000,3677920,1923835,Bot
4444,6,02/03/2018 14:31:18,38932909,10382,473,14901374,62027,1460,1200,1425.4,140.6,240,40,136.3,44.0,332824,117.0,8784.1,24000,880000,20,38777178,3735.2,24000,880000,20,38777178,81942.3,24000,880000,20,1,0,0,0,207633,9464,109.1,16.1,40,1460,1341.4,479.5,229965.2,1,6,1,338,6201,0,0,0,0.1,1341.4,1425.4,136.3,2,1,0,1,1,0,10382,14901374,473,62027,64240,1024,10225,1200,12317687,800000,16136170,8376027,3028241,300000,3936714,2059204,Bot
8080,6,02/03/2018 14:31:20,39405408,10023,483,14423442,66902,1460,1200,1432.3,148.4,240,40,147.2,44.0,310833,118.9,8646.5,24000,880000,20,39247786,3915.8,24000,880000,20,39247786,81178.5,24000,880000,20,1,0,0,0,200458,9669,107.0,15.8,40,1460,1353.4,478.2,228655.1,1,6,1,340,5801,0,0,0,0.1,1353.4,1432.3,147.2,2,1,0,1,1,0,10023,14423442,483,66902,64240,1024,9872,1200,12928756,800000,16936671,8791554,2897035,300000,3766145,1969984,Bot
4444,6,02/03/2018 14:31:22,39547399,10275,496,14854599,61080,1460,1200,1428.1,137.0,240,40,151.8,44.0,326233,120.4,8510.8,24000,880000,20,39389209,3833.5,24000,880000,20,39389209,79353.4,24000,880000,20,1,0,0,0,205501,9927,108.8,16.3,40,1460,1374.5,480.1,230485.5,1,6,1,342,6234,0,0,0,0.1,1374.5,1428.1,151.8,2,1,0,1,1,0,10275,14854599,496,61080,64240,1024,10120,1200,12306592,800000,16121635,8368482,3170973,300000,4122265,2156262,Bot
8080,6,02/03/2018 14:31:24,39754681,10192,510,14805161,61586,1460,1200,1447.9,147.2,240,40,141.0,44.0,323959,120.2,8755.4,24000,880000,20,39595663,3885.0,24000,880000,20,39595663,77657.8,24000,880000,20,1,0,0,0,203836,10197,107.5,15.9,40,1460,1369.3,490.8,240915.3,1,6,1,344,5984,0,0,0,0.1,1369.3,1447.9,141.0,2,1,0,1,1,0,10192,14805161,510,61586,64240,1024,10038,1200,12404297,800000,16249629,8434922,2842962,300000,3695851,1933214,Bot
4444,6,02/03/2018 14:31:26,38667665,10567,494,15243668,64626,1460,1200,1446.9,129.9,240,40,151.3,44.0,319111,119.4,8673.0,24000,880000,20,38512995,3644.7,24000,880000,20,38512995,77963.6,24000,880000,20,1,0,0,0,211338,9879,111.2,16.0,40,1460,1331.5,468.4,219404.6,1,6,1,346,5895,0,0,0,0.1,1331.5,1446.9,151.3,2,1,0,1,1,0,10567,15243668,494,64626,64240,1024,10408,1200,13098503,800000,17159039,8906982,2871932,300000,3733512,1952914,Bot
8443,6,02/03/2018 14:31:28,40148116,10618,536,15278883,65429,1460,1200,1441.7,124.3,240,40,144.1,44.0,337393,118.2,7954.5,24000,880000,20,39987524,3766.2,24000,880000,20,39987524,74592.1,24000,880000,20,1,0,0,0,212352,10721,110.2,16.4,40,1460,1323.1,482.7,232999.2,1,6,1,348,5788,0,0,0,0.1,1323.1,1441.7,144.1,2,1,0,1,1,0,10618,15278883,536,65429,64240,1024,10458,1200,12632704,800000,16548842,8590239,3203633,300000,4164722,2178470,Bot
6667,6,02/03/2018 14:31:30,38984900,10877,491,15842852,62207,1460,1200,1432.7,123.9,240,40,154.4,44.0,316336,119.3,8181.7,24000,880000,20,38828960,3569.8,24000,880000,20,38828960,79060.0,24000,880000,20,1,0,0,0,217539,9822,107.1,16.5,40,1460,1374.0,484.7,234915.0,1,6,1,350,6186,0,0,0,0.1,1374.0,1432.7,154.4,2,1,0,1,1,0,10877,15842852,491,62207,64240,1024,10713,1200,12378734,800000,16216141,8417539,3200025,300000,4160033,2176017,Bot
4444,6,02/03/2018 14:31:32,40058899,10690,522,15330343,62646,1460,1200,1420.8,150.0,240,40,139.0,44.0,332391,115.7,8130.3,24000,880000,20,39898663,3732.2,24000,880000,20,39898663,76383.7,24000,880000,20,1,0,0,0,213805,10446,106.5,15.7,40,1460,1326.3,524.3,274877.2,1,6,1,352,6289,0,0,0,0.1,1326.3,1420.8,139.0,2,1,0,1,1,0,10690,15330343,522,62646,64240,1024,10529,1200,12712955,800000,16653971,8644809,2935318,300000,3815913,1996016,Bot
6667,6,02/03/2018 14:31:34,39046177,11170,500,16295817,68814,1460,1200,1430.4,153.2,240,40,157.5,44.0,318793,116.0,8265.8,24000,880000,20,38889993,3481.5,24000,880000,20,38889993,77744.0,24000,880000,20,1,0,0,0,223408,10004,110.0,15.3,40,1460,1367.4,507.4,257492.3,1,6,1,354,6049,0,0,0,0.1,1367.4,1430.4,157.5,2,1,0,1,1,0,11170,16295817,500,68814,64240,1024,11002,1200,12061325,800000,15800336,8201701,2928242,300000,3806715,1991205,Bot
8080,6,02/03/2018 14:31:36,39298019,11039,522,15809423,65273,1460,1200,1437.4,134.1,240,40,155.9,44.0,333170,122.6,8480.7,24000,880000,20,39140827,3545.8,24000,880000,20,39140827,74996.2,24000,880000,20,1,0,0,0,220770,10438,112.2,16.6,40,1460,1343.2,515.3,265559.3,1,6,1,356,6135,0,0,0,0.1,1343.2,1437.4,155.9,2,1,0,1,1,0,11039,15809423,522,65273,64240,1024,10872,1200,12719225,800000,16662185,8649073,3134203,300000,4074464,2131258,Bot
8080,6,02/03/2018 14:31:38,40542194,11417,504,16565650,69074,1460,1200,1434.6,143.9,240,40,137.4,44.0,335601,119.0,8212.6,24000,880000,20,40380026,3536.9,24000,880000,20,40380026,80093.7,24000,880000,20,1,0,0,0,228337,10083,109.5,15.2,40,1460,1370.6,515.7,265905.1,1,6,1,358,5894,0,0,0,0.1,1370.6,1434.6,137.4,2,1,0,1,1,0,11417,16565650,504,69074,64240,1024,11245,1200,12111722,800000,15866356,8235971,2938608,300000,3820190,1998253,Bot
8080,6,02/03/2018 14:31:40,39680814,11495,529,16783568,65452,1460,1200,1428.2,137.8,240,40,140.0,44.0,326750,118.7,8577.8,24000,880000,20,39522091,3438.2,24000,880000,20,39522091,74651.5,24000,880000,20,1,0,0,0,229898,10588,111.0,15.8,40,1460,1337.4,538.5,290009.5,1,6,1,360,5813,0,0,0,0.1,1337.4,1428.2,140.0,2,1,0,1,1,0,11495,16783568,529,65452,64240,1024,11322,1200,12634863,800000,16551671,8591707,2888417,300000,3754943,1964124,Bot
4444,6,02/03/2018 14:31:42,39711412,11636,546,16773237,68143,1460,1200,1430.3,134.3,240,40,144.2,44.0,341668,121.3,8197.7,24000,880000,20,39552566,3399.3,24000,880000,20,39552566,72482.1,24000,880000,20,1,0,0,0,232712,10913,110.8,15.6,40,1460,1323.7,484.8,235018.7,1,6,1,362,6128,0,0,0,0.1,1323.7,1430.3,144.2,2,1,0,1,1,0,11636,16773237,546,68143,64240,1024,11461,1200,13120347,800000,17187654,8921836,3077160,300000,4000308,2092469,Bot
6667,6,02/03/2018 14:31:44,40206046,11183,553,16299652,73720,1460,1200,1432.6,138.8,240,40,138.0,44.0,327207,120.7,8055.1,24000,880000,20,40045222,3581.0,24000,880000,20,40045222,72400.3,24000,880000,20,1,0,0,0,223656,11062,110.2,15.8,40,1460,1331.3,502.5,252524.9,1,6,1,364,5814,0,0,0,0.1,1331.3,1432.6,138.0,2,1,0,1,1,0,11183,16299652,553,73720,64240,1024,11015,1200,13142282,800000,17216389,8936752,3079303,300000,4003094,2093926,Bot
6667,6,02/03/2018 14:31:46,39543306,11692,539,16809710,67476,1460,1200,1438.2,151.2,240,40,141.9,44.0,312190,123.4,8373.3,24000,880000,20,39385133,3368.6,24000,880000,20,39385133,73082.1,24000,880000,20,1,0,0,0,233839,10778,110.5,15.9,40,1460,1361.5,498.1,248065.3,1,6,1,366,5991,0,0,0,0.1,1361.5,1438.2,141.9,2,1,0,1,1,0,11692,16809710,539,67476,64240,1024,11516,1200,12583290,800000,16484110,8556637,3269350,300000,4250155,2223158,Bot
4444,6,02/03/2018 14:31:48,40283323,11681,569,16776101,73398,1460,1200,1430.4,130.8,240,40,142.0,44.0,330094,118.9,8581.1,24000,880000,20,40122190,3434.9,24000,880000,20,40122190,70514.4,24000,880000,20,1,0,0,0,233614,11379,112.6,16.5,40,1460,1352.1,517.8,268074.9,1,6,1,368,6173,0,0,0,0.1,1352.1,1430.4,142.0,2,1,0,1,1,0,11681,16776101,569,73398,64240,1024,11505,1200,13192510,800000,17282188,8970907,3154800,300000,4101240,2145264,Bot
443,6,02/03/2018 14:31:50,40527794,11491,558,16610235,69697,1460,1200,1429.4,149.8,240,40,146.8,44.0,324441,118.0,8501.3,24000,880000,20,40365683,3512.7,24000,880000,20,40365683,72383.4,24000,880000,20,1,0,0,0,229825,11153,110.2,16.8,40,1460,1354.6,507.4,257475.6,1,6,1,370,6384,0,0,0,0.1,1354.6,1429.4,146.8,2,1,0,1,1,0,11491,16610235,558,69697,64240,1024,11318,1200,12730415,800000,16676844,8656682,3174388,300000,4126705,2158584,Bot
8443,6,02/03/2018 14:31:52,39755440,12132,552,17461224,69477,1460,1200,1442.8,144.6,240,40,153.3,44.0,318563,119.8,8176.6,24000,880000,20,39596418,3263.7,24000,880000,20,39596418,71785.6,24000,880000,20,1,0,0,0,242647,11031,114.5,17.0,40,1460,1367.5,489.3,239384.3,1,6,1,372,6377,0,0,0,0.1,1367.5,1442.8,153.3,2,1,0,1,1,0,12132,17461224,552,69477,64240,1024,11950,1200,12464757,800000,16328832,8476035,3163750,300000,4112875,2151350,Bot
8080,6,02/03/2018 14:31:54,41257273,12190,532,17599042,68342,1460,1200,1423.9,126.4,240,40,140.8,44.0,339112,121.0,8027.1,24000,880000,20,41092244,3371.0,24000,880000,20,41092244,77216.4,24000,880000,20,1,0,0,0,243801,10643,110.6,16.2,40,1460,1328.6,545.7,297830.0,1,6,1,374,5860,0,0,0,0.1,1328.6,1423.9,140.8,2,1,0,1,1,0,12190,17599042,532,68342,64240,1024,12007,1200,12968725,800000,16989030,8818733,3041446,300000,3953879,2068183,Bot
8080,6,02/03/2018 14:31:56,39869407,12242,530,17667063,70557,1460,1200,1449.4,152.8,240,40,138.2,44.0,333074,119.4,8603.1,24000,880000,20,39709929,3243.8,24000,880000,20,39709929,74933.1,24000,880000,20,1,0,0,0,244832,10598,109.0,16.7,40,1460,1376.1,507.3,257306.0,1,6,1,376,6366,0,0,0,0.1,1376.1,1449.4,138.2,2,1,0,1,1,0,12242,17667063,530,70557,64240,1024,12058,1200,13403804,800000,17558983,9114586,3359142,300000,4366885,2284217,Bot
443,6,02/03/2018 14:31:58,40935492,12166,548,17292498,73385,1460,1200,1422.8,124.5,240,40,148.0,44.0,317867,118.4,7948.9,24000,880000,20,40771750,3351.4,24000,880000,20,40771750,74346.5,24000,880000,20,1,0,0,0,243311,10968,115.1,16.7,40,1460,1372.1,544.3,296258.7,1,6,1,378,5970,0,0,0,0.1,1372.1,1422.8,148.0,2,1,0,1,1,0,12166,17292498,548,73385,64240,1024,11983,1200,12523061,800000,16405210,8515682,3317280,300000,4312464,2255750,Bot
8080,6,02/03/2018 14:32:00,40872272,12121,534,17631689,73261,1460,1200,1442.3,127.7,240,40,151.6,44.0,345004,118.4,8361.4,24000,880000,20,40708783,3358.4,24000,880000,20,40708783,76251.7,24000,880000,20,1,0,0,0,242429,10677,109.2,16.1,40,1460,1360.2,479.1,229555.0,1,6,1,380,6298,0,0,0,0.1,1360.2,1442.3,151.6,2,1,0,1,1,0,12121,17631689,534,73261,64240,1024,11939,1200,12877573,800000,16869620,8756750,3151984,300000,4097579,2143349,Bot
443,6,02/03/2018 14:32:02,40410730,12602,576,18346629,75502,1460,1200,1430.8,129.9,240,40,151.2,44.0,344475,121.9,8590.6,24000,880000,20,40249087,3193.9,24000,880000,20,40249087,69866.1,24000,880000,20,1,0,0,0,252036,11521,113.6,16.0,40,1460,1368.4,511.2,261302.4,1,6,1,382,5852,0,0,0,0.1,1368.4,1430.8,151.2,2,1,0,1,1,0,12602,18346629,576,75502,64240,1024,12412,1200,13681132,800000,17922283,9303170,3397758,300000,4417085,2310475,Bot
443,6,02/03/2018 14:32:04,40145949,12204,593,17635868,81933,1460,1200,1439.2,146.0,240,40,145.0,44.0,320548,121.8,8421.7,24000,880000,20,39985365,3276.4,24000,880000,20,39985365,67428.5,24000,880000,20,1,0,0,0,244079,11860,112.5,15.7,40,1460,1360.2,469.4,220322.2,1,6,1,384,6363,0,0,0,0.1,1360.2,1439.2,145.0,2,1,0,1,1,0,12204,17635868,593,81933,64240,1024,12020,1200,12713860,800000,16655156,8645425,3197962,300000,4157351,2174614,Bot
4444,6,02/03/2018 14:32:06,41541321,12336,544,17964158,72064,1460,1200,1438.8,131.9,240,40,136.2,44.0,333394,121.5,8145.4,24000,880000,20,41375156,3353.9,24000,880000,20,41375156,76000.2,24000,880000,20,1,0,0,0,246725,10888,109.5,15.9,40,1460,1362.2,527.0,277682.2,1,6,1,386,6126,0,0,0,0.1,1362.2,1438.8,136.2,2,1,0,1,1,0,12336,17964158,544,72064,64240,1024,12151,1200,13189242,800000,17277907,8968684,3036175,300000,3947028,2064599,Bot
8443,6,02/03/2018 14:32:08,41536868,13048,563,18853320,67580,1460,1200,1426.3,139.8,240,40,156.5,44.0,331732,124.2,8463.2,24000,880000,20,41370721,3170.7,24000,880000,20,41370721,73463.8,24000,880000,20,1,0,0,0,260952,11262,110.6,16.8,40,1460,1365.8,474.1,224731.7,1,6,1,388,5980,0,0,0,0.1,1365.8,1426.3,156.5,2,1,0,1,1,0,13048,18853320,563,67580,64240,1024,12851,1200,13652042,800000,17884175,9283389,3299733,300000,4289653,2243819,Bot
8080,6,02/03/2018 14:32:10,41737345,12628,596,18029037,72239,1460,1200,1443.5,153.4,240,40,143.8,44.0,319493,126.0,8188.0,24000,880000,20,41570395,3291.9,24000,880000,20,41570395,69720.8,24000,880000,20,1,0,0,0,252557,11924,114.0,16.7,40,1460,1340.7,518.2,268502.0,1,6,1,390,6190,0,0,0,0.1,1340.7,1443.5,143.8,2,1,0,1,1,0,12628,18029037,596,72239,64240,1024,12438,1200,13575781,800000,17784273,9231531,3405583,300000,4427258,2315796,Bot
443,6,02/03/2018 14:32:12,41964033,12610,606,18003263,74184,1460,1200,1444.2,142.9,240,40,142.5,44.0,341326,123.8,8061.6,24000,880000,20,41796177,3314.6,24000,880000,20,41796177,68922.6,24000,880000,20,1,0,0,0,252197,12128,113.5,16.0,40,1460,1366.1,495.6,245635.2,1,6,1,392,6192,0,0,0,0.1,1366.1,1444.2,142.5,2,1,0,1,1,0,12610,18003263,606,74184,64240,1024,12420,1200,13887350,800000,18192428,9443398,3189737,300000,4146658,2169021,Bot
8443,6,02/03/2018 14:32:14,40573158,13351,598,19275920,77516,1460,1200,1424.6,146.0,240,40,149.3,44.0,334142,122.5,8478.8,24000,880000,20,40410865,3026.9,24000,880000,20,40410865,67575.9,24000,880000,20,1,0,0,0,267010,11960,112.8,16.3,40,1460,1332.0,509.9,259974.1,1,6,1,394,6249,0,0,0,0.1,1332.0,1424.6,149.3,2,1,0,1,1,0,13351,19275920,598,77516,64240,1024,13150,1200,13417061,800000,17576350,9123602,3360587,300000,4368763,2285199,Bot
443,6,02/03/2018 14:32:16,40634498,13171,583,19072674,78756,1460,1200,1422.0,144.9,240,40,143.6,44.0,319194,125.3,8451.7,24000,880000,20,40471960,3072.7,24000,880000,20,40471960,69458.4,24000,880000,20,1,0,0,0,263426,11653,111.2,17.2,40,1460,1350.1,546.0,298094.2,1,6,1,396,6215,0,0,0,0.1,1350.1,1422.0,143.6,2,1,0,1,1,0,13171,19072674,583,78756,64240,1024,12973,1200,12864705,800000,16852764,8747999,3126189,300000,4064046,2125809,Bot
8443,6,02/03/2018 14:32:18,41678058,13560,559,19658084,75044,1460,1200,1448.3,140.0,240,40,155.3,44.0,323346,123.0,8629.6,24000,880000,20,41511346,3061.4,24000,880000,20,41511346,74270.6,24000,880000,20,1,0,0,0,271195,11178,110.8,16.8,40,1460,1345.2,475.9,226451.3,1,6,1,398,6114,0,0,0,0.1,1345.2,1448.3,155.3,2,1,0,1,1,0,13560,19658084,559,75044,64240,1024,13356,1200,13899905,800000,18208875,9451935,3030323,300000,3939420,2060620,Bot
8080,6,02/03/2018 14:32:20,41190221,13351,596,19469400,78806,1460,1200,1442.6,136.3,240,40,138.7,44.0,327996,124.4,8079.2,24000,880000,20,41025460,3072.9,24000,880000,20,41025460,68836.1,24000,880000,20,1,0,0,0,267018,11919,111.8,16.4,40,1460,1346.3,499.0,248982.3,1,6,1,400,6383,0,0,0,0.1,1346.3,1442.6,138.7,2,1,0,1,1,0,13351,19469400,596,78806,64240,1024,13150,1200,13097516,800000,17157746,8906311,3408881,300000,4431545,2318039,Bot
8443,6,02/03/2018 14:32:22,42191237,13241,569,19339455,72546,1460,1200,1438.3,156.0,240,40,142.6,44.0,343554,122.5,8314.4,24000,880000,20,42022472,3173.7,24000,880000,20,42022472,73916.8,24000,880000,20,1,0,0,0,264820,11370,116.1,17.4,40,1460,1365.9,483.4,233703.7,1,6,1,402,5912,0,0,0,0.1,1365.9,1438.3,142.6,2,1,0,1,1,0,13241,19339455,569,72546,64240,1024,13042,1200,13553808,800000,17755488,9216589,3239404,300000,4211226,2202795,Bot
443,6,02/03/2018 14:32:24,41441988,13399,571,19379339,72213,1460,1200,1439.5,148.7,240,40,142.9,44.0,342464,127.3,8026.0,24000,880000,20,41276221,3080.5,24000,880000,20,41276221,72255.3,24000,880000,20,1,0,0,0,267985,11425,113.7,17.6,40,1460,1331.2,522.2,272691.4,1,6,1,404,6374,0,0,0,0.1,1331.2,1439.5,142.9,2,1,0,1,1,0,13399,19379339,571,72213,64240,1024,13198,1200,13157440,800000,17236246,8947059,3044440,300000,3957772,2070219,Bot
8080,6,02/03/2018 14:32:26,42193372,13714,585,19939347,78081,1460,1200,1444.3,134.3,240,40,149.0,44.0,334063,127.7,8244.8,24000,880000,20,42024598,3064.3,24000,880000,20,42024598,71781.0,24000,880000,20,1,0,0,0,274288,11709,111.8,16.5,40,1460,1328.0,518.0,268303.7,1,6,1,406,5984,0,0,0,0.1,1328.0,1444.3,149.0,2,1,0,1,1,0,13714,19939347,585,78081,64240,1024,13508,1200,13780418,800000,18052347,9370684,3049349,300000,3964154,2073558,Bot
443,6,02/03/2018 14:32:28,42694085,14077,579,20389040,79293,1460,1200,1441.1,154.5,240,40,138.6,44.0,338455,123.8,8253.1,24000,880000,20,42523309,3020.7,24000,880000,20,42523309,73492.4,24000,880000,20,1,0,0,0,281548,11572,114.3,17.0,40,1460,1361.5,509.4,259505.4,1,6,1,408,6155,0,0,0,0.1,1361.5,1441.1,138.6,2,1,0,1,1,0,14077,20389040,579,79293,64240,1024,13866,1200,14153360,800000,18540901,9624284,3339233,300000,4341003,2270678,Bot
8443,6,02/03/2018 14:32:30,42549609,13638,627,19415904,76916,1460,1200,1438.6,125.9,240,40,137.1,44.0,330624,122.4,8451.1,24000,880000,20,42379410,3107.5,24000,880000,20,42379410,67623.4,24000,880000,20,1,0,0,0,272752,12533,114.7,16.3,40,1460,1327.2,474.8,225462.4,1,6,1,410,6285,0,0,0,0.1,1327.2,1438.6,137.1,2,1,0,1,1,0,13638,19415904,627,76916,64240,1024,13433,1200,13613210,800000,17833305,9256983,3139546,300000,4081410,2134892,Bot
8443,6,02/03/2018 14:32:32,41872401,14108,586,20034615,79157,1460,1200,1438.5,146.5,240,40,143.4,44.0,339327,125.4,8563.1,24000,880000,20,41704911,2956.1,24000,880000,20,41704911,71175.8,24000,880000,20,1,0,0,0,282156,11718,112.1,17.4,40,1460,1367.3,472.6,223390.1,1,6,1,412,6523,0,0,0,0.1,1367.3,1438.5,143.4,2,1,0,1,1,0,14108,20034615,586,79157,64240,1024,13896,1200,14011648,800000,18355259,9527921,3044313,300000,3957607,2070133,Bot
443,6,02/03/2018 14:32:34,42501326,14024,625,20181001,80607,1460,1200,1433.1,140.9,240,40,138.3,44.0,345226,126.4,7967.4,24000,880000,20,42331321,3018.5,24000,880000,20,42331321,67709.8,24000,880000,20,1,0,0,0,280477,12503,113.9,16.8,40,1460,1329.8,513.1,263223.4,1,6,1,414,6344,0,0,0,0.1,1329.8,1433.1,138.3,2,1,0,1,1,0,14024,20181001,625,80607,64240,1024,13813,1200,13303079,800000,17427033,9046094,3197755,300000,4157081,2174473,Bot
443,6,02/03/2018 14:32:36,42211005,14320,593,20428081,70961,1460,1200,1437.4,145.9,240,40,138.0,44.0,345427,124.2,8329.1,24000,880000,20,42042161,2935.8,24000,880000,20,42042161,70878.4,24000,880000,20,1,0,0,0,286405,11863,116.2,17.2,40,1460,1372.0,550.3,302816.3,1,6,1,416,6126,0,0,0,0.1,1372.0,1437.4,138.0,2,1,0,1,1,0,14320,20428081,593,70961,64240,1024,14105,1200,13600999,800000,17817309,9248679,3487775,300000,4534108,2371687,Bot
8443,6,02/03/2018 14:32:38,43020200,14187,591,20453788,76488,1460,1200,1422.9,151.2,240,40,144.5,44.0,337453,123.8,7950.9,24000,880000,20,42848119,3020.2,24000,880000,20,42848119,72532.0,24000,880000,20,1,0,0,0,283747,11814,113.5,16.5,40,1460,1332.6,537.4,288768.2,1,6,1,418,6017,0,0,0,0.1,1332.6,1422.9,144.5,2,1,0,1,1,0,14187,20453788,591,76488,64240,1024,13974,1200,13305426,800000,17430108,9047690,3306838,300000,4298890,2248650,Bot
6667,6,02/03/2018 14:32:40,42526116,13965,645,19892918,88602,1460,1200,1447.4,144.1,240,40,137.6,44.0,321906,127.5,7987.3,24000,880000,20,42356012,3033.0,24000,880000,20,42356012,65660.1,24000,880000,20,1,0,0,0,279301,12901,112.6,17.2,40,1460,1360.1,486.4,236617.4,1,6,1,420,6400,0,0,0,0.1,1360.1,1447.4,137.6,2,1,0,1,1,0,13965,19892918,645,88602,64240,1024,13755,1200,13119285,800000,17186263,8921114,3197279,300000,4156462,2174150,Bot
443,6,02/03/2018 14:32:42,43126545,14554,612,20664722,81092,1460,1200,1448.3,147.4,240,40,148.0,44.0,327174,124.7,8531.8,24000,880000,20,42954038,2951.4,24000,880000,20,42954038,70142.4,24000,880000,20,1,0,0,0,291074,12247,118.4,17.2,40,1460,1345.3,493.4,243476.2,1,6,1,422,6411,0,0,0,0.1,1345.3,1448.3,148.0,2,1,0,1,1,0,14554,20664722,612,81092,64240,1024,14335,1200,13377709,800000,17524799,9096842,3147459,300000,4091697,2140272,Bot
8443,6,02/03/2018 14:32:44,42103887,14728,596,21436477,78679,1460,1200,1445.1,151.7,240,40,144.7,44.0,325094,126.7,8202.3,24000,880000,20,41935471,2847.3,24000,880000,20,41935471,70414.2,24000,880000,20,1,0,0,0,294565,11911,116.9,16.9,40,1460,1329.5,506.8,256878.7,1,6,1,424,6268,0,0,0,0.1,1329.5,1445.1,144.7,2,1,0,1,1,0,14728,21436477,596,78679,64240,1024,14507,1200,13686032,800000,17928702,9306502,3362644,300000,4371437,2286598,Bot
443,6,02/03/2018 14:32:46,42474128,14858,626,21485711,85875,1460,1200,1439.7,147.9,240,40,137.2,44.0,338968,127.0,7811.4,24000,880000,20,42304231,2847.2,24000,880000,20,42304231,67538.6,24000,880000,20,1,0,0,0,297160,12527,115.4,16.8,40,1460,1340.2,513.7,263916.5,1,6,1,426,6601,0,0,0,0.1,1340.2,1439.7,137.2,2,1,0,1,1,0,14858,21485711,626,85875,64240,1024,14635,1200,14018243,800000,18363898,9532405,3509504,300000,4562355,2386463,Bot
8443,6,02/03/2018 14:32:48,42843170,14429,652,20668437,87267,1460,1200,1427.4,141.2,240,40,136.4,44.0,352178,124.0,8620.4,24000,880000,20,42671797,2957.4,24000,880000,20,42671797,65479.1,24000,880000,20,1,0,0,0,288578,13033,116.3,18.0,40,1460,1341.0,532.2,283246.8,1,6,1,428,6395,0,0,0,0.1,1341.0,1427.4,136.4,2,1,0,1,1,0,14429,20668437,652,87267,64240,1024,14212,1200,13807249,800000,18087496,9388929,3418842,300000,4444495,2324813,Bot
8443,6,02/03/2018 14:32:50,42739068,14504,648,20807893,87969,1460,1200,1438.7,149.4,240,40,148.3,44.0,328449,130.7,8472.0,24000,880000,20,42568111,2934.9,24000,880000,20,42568111,65644.7,24000,880000,20,1,0,0,0,290084,12969,113.6,17.3,40,1460,1329.2,523.0,273531.8,1,6,1,430,6443,0,0,0,0.1,1329.2,1438.7,148.3,2,1,0,1,1,0,14504,20807893,648,87969,64240,1024,14286,1200,14227463,800000,18637977,9674675,3321744,300000,4318267,2258786,Bot
8443,6,02/03/2018 14:32:52,42694275,15268,623,22248515,83976,1460,1200,1424.3,132.5,240,40,142.0,44.0,324971,127.3,7983.0,24000,880000,20,42523498,2785.1,24000,880000,20,42523498,68218.1,24000,880000,20,1,0,0,0,305359,12466,116.9,17.3,40,1460,1363.9,485.3,235476.5,1,6,1,432,6105,0,0,0,0.1,1363.9,1424.3,142.0,2,1,0,1,1,0,15268,22248515,623,83976,64240,1024,15038,1200,14520164,800000,19021415,9873711,3370133,300000,4381173,2291691,Bot
8443,6,02/03/2018 14:32:54,43593331,15107,665,21766536,90820,1460,1200,1450.6,157.6,240,40,137.8,44.0,329987,128.1,8306.4,24000,880000,20,43418958,2874.0,24000,880000,20,43418958,65274.0,24000,880000,20,1,0,0,0,302146,13303,120.8,17.8,40,1460,1333.9,521.7,272144.8,1,6,1,434,6583,0,0,0,0.1,1333.9,1450.6,137.8,2,1,0,1,1,0,15107,21766536,665,90820,64240,1024,14880,1200,14564365,800000,19079318,9903768,3574539,300000,4646900,2430686,Bot
8080,6,02/03/2018 14:32:56,42900486,14821,665,21640341,84086,1460,1200,1446.2,157.2,240,40,148.0,44.0,352256,126.8,7948.3,24000,880000,20,42728884,2883.0,24000,880000,20,42728884,64278.6,24000,880000,20,1,0,0,0,296418,13294,117.6,17.0,40,1460,1343.7,551.3,303877.5,1,6,1,436,6484,0,0,0,0.1,1343.7,1446.2,148.0,2,1,0,1,1,0,14821,21640341,665,84086,64240,1024,14598,1200,13491661,800000,17674076,9174330,3217584,300000,4182859,2187957,Bot
443,6,02/03/2018 14:32:58,42711993,15233,654,22216808,85619,1460,1200,1437.5,143.1,240,40,156.8,44.0,340897,129.9,8254.0,24000,880000,20,42541145,2792.6,24000,880000,20,42541145,65024.3,24000,880000,20,1,0,0,0,304669,13084,119.2,17.6,40,1460,1371.8,512.2,262324.6,1,6,1,438,6509,0,0,0,0.1,1371.8,1437.5,156.8,2,1,0,1,1,0,15233,22216808,654,85619,64240,1024,15004,1200,14242007,800000,18657029,9684565,3167918,300000,4118294,2154184,Bot
443,6,02/03/2018 14:33:00,43186255,15459,624,22490435,84682,1460,1200,1446.8,147.7,240,40,143.2,44.0,323203,125.9,8449.6,24000,880000,20,43013510,2782.3,24000,880000,20,43013510,68908.2,24000,880000,20,1,0,0,0,309188,12484,117.5,17.1,40,1460,1329.1,487.5,237649.7,1,6,1,440,6371,0,0,0,0.1,1329.1,1446.8,143.2,2,1,0,1,1,0,15459,22490435,624,84682,64240,1024,15227,1200,14630470,800000,19165916,9948720,3680607,300000,4784790,2502813,Bot
6667,6,02/03/2018 14:33:02,43119266,15791,680,22654667,88786,1460,1200,1428.0,157.5,240,40,142.4,44.0,333188,130.2,7924.5,24000,880000,20,42946788,2719.7,24000,880000,20,42946788,63194.4,24000,880000,20,1,0,0,0,315822,13591,117.7,17.8,40,1460,1353.9,514.1,264308.2,1,6,1,442,6403,0,0,0,0.1,1353.9,1428.0,142.4,2,1,0,1,1,0,15791,22654667,680,88786,64240,1024,15554,1200,13767649,800000,18035620,9362001,3552211,300000,4617875,2415504,Bot
8080,6,02/03/2018 14:33:04,42684099,15595,682,22596587,95229,1460,1200,1425.7,132.7,240,40,139.4,44.0,343214,130.9,8204.2,24000,880000,20,42513363,2726.2,24000,880000,20,42513363,62350.1,24000,880000,20,1,0,0,0,311891,13636,120.6,18.4,40,1460,1362.1,501.3,251342.2,1,6,1,444,6374,0,0,0,0.1,1362.1,1425.7,139.4,2,1,0,1,1,0,15595,22596587,682,95229,64240,1024,15360,1200,14903672,800000,19523810,10134497,3156155,300000,4103002,2146186,Bot
6667,6,02/03/2018 14:33:06,43040292,16101,653,23050369,81074,1460,1200,1435.2,145.2,240,40,139.2,44.0,324463,127.4,7959.9,24000,880000,20,42868131,2662.5,24000,880000,20,42868131,65605.3,24000,880000,20,1,0,0,0,322016,13068,121.7,18.3,40,1460,1343.6,517.6,267887.3,1,6,1,446,6412,0,0,0,0.1,1343.6,1435.2,139.2,2,1,0,1,1,0,16101,23050369,653,81074,64240,1024,15859,1200,14674373,800000,19223428,9978573,3324112,300000,4321346,2260396,Bot
6667,6,02/03/2018 14:33:08,43022158,15472,637,22332223,86542,1460,1200,1448.1,151.1,240,40,138.1,44.0,334100,127.2,8206.5,24000,880000,20,42850069,2769.5,24000,880000,20,42850069,67227.0,24000,880000,20,1,0,0,0,309442,12747,121.8,18.2,40,1460,1364.9,488.9,239041.3,1,6,1,448,6531,0,0,0,0.1,1364.9,1448.1,138.1,2,1,0,1,1,0,15472,22332223,637,86542,64240,1024,15240,1200,14344099,800000,18790770,9753988,3277515,300000,4260770,2228710,Bot
6667,6,02/03/2018 14:33:10,43215970,15582,640,22745450,79088,1460,1200,1442.3,144.3,240,40,153.3,44.0,341666,126.4,8525.1,24000,880000,20,43043106,2762.3,24000,880000,20,43043106,67300.0,24000,880000,20,1,0,0,0,311642,12791,117.8,17.9,40,1460,1340.4,539.6,291142.5,1,6,1,450,6329,0,0,0,0.1,1340.4,1442.3,153.3,2,1,0,1,1,0,15582,22745450,640,79088,64240,1024,15348,1200,14750029,800000,19322538,10030020,3699847,300000,4809801,2515896,Bot
4444,6,02/03/2018 14:33:12,43550772,16078,658,23105066,81760,1460,1200,1450.2,142.9,240,40,146.5,44.0,326989,128.6,7823.7,24000,880000,20,43376568,2697.9,24000,880000,20,43376568,65946.7,24000,880000,20,1,0,0,0,321560,13155,120.9,18.1,40,1460,1375.1,520.0,270380.0,1,6,1,452,6457,0,0,0,0.1,1375.1,1450.2,146.5,2,1,0,1,1,0,16078,23105066,658,81760,64240,1024,15836,1200,14812823,800000,19404798,10072719,3559925,300000,4627903,2420749,Bot
6667,6,02/03/2018 14:33:14,43693482,16133,687,22883590,91535,1460,1200,1438.3,152.9,240,40,158.2,44.0,342832,133.1,8535.3,24000,880000,20,43518708,2697.6,24000,880000,20,43518708,63390.9,24000,880000,20,1,0,0,0,322650,13730,117.4,17.0,40,1460,1357.0,487.4,237538.9,1,6,1,454,6495,0,0,0,0.1,1357.0,1438.3,158.2,2,1,0,1,1,0,16133,22883590,687,91535,64240,1024,15890,1200,15109430,800000,19793354,10274413,3450639,300000,4485831,2346435,Bot
6667,6,02/03/2018 14:33:16,43641846,15766,683,22528554,91805,1460,1200,1424.3,127.5,240,40,149.3,44.0,343959,129.8,7932.5,24000,880000,20,43467278,2757.0,24000,880000,20,43467278,63627.4,24000,880000,20,1,0,0,0,315325,13663,122.1,17.7,40,1460,1372.6,480.8,231186.1,1,6,1,456,6617,0,0,0,0.1,1372.6,1424.3,149.3,2,1,0,1,1,0,15766,22528554,683,91805,64240,1024,15529,1200,13827991,800000,18114668,9403034,3749626,300000,4874514,2549746,Bot
6667,6,02/03/2018 14:33:18,43615491,16796,646,24276407,78870,1460,1200,1426.3,141.7,240,40,149.1,44.0,328305,128.3,7889.1,24000,880000,20,43441029,2586.4,24000,880000,20,43441029,67237.9,24000,880000,20,1,0,0,0,335915,12921,122.4,18.2,40,1460,1358.2,537.3,288688.3,1,6,1,458,6560,0,0,0,0.1,1358.2,1426.3,149.1,2,1,0,1,1,0,16796,24276407,646,78870,64240,1024,16543,1200,14540206,800000,19047670,9887340,3757419,300000,4884644,2555045,Bot
8080,6,02/03/2018 14:33:20,43306753,16289,684,23180255,92800,1460,1200,1433.1,155.8,240,40,144.6,44.0,351132,127.1,8431.1,24000,880000,20,43133526,2648.0,24000,880000,20,43133526,63060.7,24000,880000,20,1,0,0,0,325775,13680,120.7,18.2,40,1460,1375.3,537.1,288497.7,1,6,1,460,6194,0,0,0,0.1,1375.3,1433.1,144.6,2,1,0,1,1,0,16289,23180255,684,92800,64240,1024,16044,1200,15211348,800000,19926865,10343716,3230817,300000,4200062,2196956,Bot
4444,6,02/03/2018 14:33:22,44019105,16498,673,23402678,87326,1460,1200,1443.2,134.2,240,40,147.7,44.0,357661,133.3,7991.5,24000,880000,20,43843028,2657.5,24000,880000,20,43843028,65155.8,24000,880000,20,1,0,0,0,329955,13457,117.2,17.8,40,1460,1340.3,549.9,302377.6,1,6,1,462,6123,0,0,0,0.1,1340.3,1443.2,147.7,2,1,0,1,1,0,16498,23402678,673,87326,64240,1024,16250,1200,15030170,800000,19689523,10220516,3317201,300000,4312361,2255697,Bot
4444,6,02/03/2018 14:33:24,43657246,16424,720,23793387,95508,1460,1200,1446.4,144.5,240,40,143.7,44.0,336258,126.7,8519.4,24000,880000,20,43482617,2647.4,24000,880000,20,43482617,60389.0,24000,880000,20,1,0,0,0,328487,14400,123.1,18.4,40,1460,1346.6,504.5,254518.7,1,6,1,464,6197,0,0,0,0.1,1346.6,1446.4,143.7,2,1,0,1,1,0,16424,23793387,720,95508,64240,1024,16177,1200,14928767,800000,19556685,10151562,3724621,300000,4842007,2532742,Bot
8443,6,02/03/2018 14:33:26,43636326,17242,705,24765307,93192,1460,1200,1442.7,136.2,240,40,136.8,44.0,351999,127.5,8322.2,24000,880000,20,43461781,2520.7,24000,880000,20,43461781,61666.8,24000,880000,20,1,0,0,0,344833,14095,123.0,18.6,40,1460,1370.6,496.7,246737.6,1,6,1,466,6242,0,0,0,0.1,1370.6,1442.7,136.8,2,1,0,1,1,0,17242,24765307,705,93192,64240,1024,16983,1200,14038972,800000,18391053,9546501,3800356,300000,4940463,2584242,Bot
4444,6,02/03/2018 14:33:28,43696900,17056,672,24380003,82522,1460,1200,1443.5,139.9,240,40,138.6,44.0,353193,131.8,8235.9,24000,880000,20,43522113,2551.7,24000,880000,20,43522113,64739.0,24000,880000,20,1,0,0,0,341120,13445,124.3,19.0,40,1460,1340.0,521.4,271847.0,1,6,1,468,6386,0,0,0,0.1,1340.0,1443.5,138.6,2,1,0,1,1,0,17056,24380003,672,82522,64240,1024,16800,1200,15343779,800000,20100351,10433770,3499937,300000,4549919,2379957,Bot
8080,6,02/03/2018 14:33:30,43722998,16893,729,24517929,91811,1460,1200,1451.6,146.6,240,40,160.4,44.0,357839,131.3,8427.6,24000,880000,20,43548106,2577.9,24000,880000,20,43548106,59770.4,24000,880000,20,1,0,0,0,337858,14571,123.0,18.6,40,1460,1355.0,511.0,261134.4,1,6,1,470,6377,0,0,0,0.1,1355.0,1451.6,160.4,2,1,0,1,1,0,16893,24517929,729,91811,64240,1024,16639,1200,14198670,800000,18600257,9655095,3285567,300000,4271237,2234186,Bot
8443,6,02/03/2018 14:33:32,44288031,17565,701,24991706,92768,1460,1200,1441.2,145.2,240,40,155.4,44.0,336159,133.2,7870.1,24000,880000,20,44110879,2511.3,24000,880000,20,44110879,62906.3,24000,880000,20,1,0,0,0,351297,14024,124.3,17.7,40,1460,1339.2,510.0,260139.2,1,6,1,472,6600,0,0,0,0.1,1339.2,1441.2,155.4,2,1,0,1,1,0,17565,24991706,701,92768,64240,1024,17301,1200,14342086,800000,18788133,9752618,3485236,300000,4530807,2369961,Bot
8443,6,02/03/2018 14:33:34,44030775,17183,709,24870089,96007,1460,1200,1442.5,137.7,240,40,142.3,44.0,351341,133.3,7858.3,24000,880000,20,43854652,2552.3,24000,880000,20,43854652,61815.1,24000,880000,20,1,0,0,0,343651,14188,118.1,18.2,40,1460,1329.4,550.2,302673.1,1,6,1,474,6732,0,0,0,0.1,1329.4,1442.5,142.3,2,1,0,1,1,0,17183,24870089,709,96007,64240,1024,16924,1200,15050668,800000,19716375,10234454,3449791,300000,4484728,2345858,Bot
443,6,02/03/2018 14:33:36,44363003,16942,694,24688520,90776,1460,1200,1437.1,145.8,240,40,138.4,44.0,333673,133.5,7781.0,24000,880000,20,44185551,2608.1,24000,880000,20,44185551,63627.1,24000,880000,20,1,0,0,0,338831,13888,121.3,18.2,40,1460,1341.9,484.1,234387.5,1,6,1,476,6349,0,0,0,0.1,1341.9,1437.1,138.4,2,1,0,1,1,0,16942,24688520,694,90776,64240,1024,16687,1200,15064316,800000,19734253,10243735,3485649,300000,4531344,2370241,Bot
443,6,02/03/2018 14:33:38,45113295,17895,726,25698487,98074,1460,1200,1425.8,157.4,240,40,158.0,44.0,329969,128.3,7951.1,24000,880000,20,44932842,2510.9,24000,880000,20,44932842,61888.9,24000,880000,20,1,0,0,0,357906,14520,118.7,18.8,40,1460,1355.6,492.1,242193.0,1,6,1,478,6167,0,0,0,0.1,1355.6,1425.8,158.0,2,1,0,1,1,0,17895,25698487,726,98074,64240,1024,17626,1200,14554920,800000,19066946,9897346,3579149,300000,4652894,2433822,Bot
8080,6,02/03/2018 14:33:40,45125153,17633,721,25681708,100702,1460,1200,1429.0,133.2,240,40,150.9,44.0,331705,128.1,7810.9,24000,880000,20,44944652,2548.8,24000,880000,20,44944652,62377.3,24000,880000,20,1,0,0,0,352668,14410,124.5,18.9,40,1460,1355.8,494.1,244112.3,1,6,1,480,6406,0,0,0,0.1,1355.8,1429.0,150.9,2,1,0,1,1,0,17633,25681708,721,100702,64240,1024,17368,1200,14271867,800000,18696145,9704869,3397885,300000,4417250,2310562,Bot
8443,6,02/03/2018 14:33:42,45480147,17285,744,24719465,91553,1460,1200,1435.8,135.4,240,40,148.8,44.0,350667,132.9,8054.1,24000,880000,20,45298227,2620.6,24000,880000,20,45298227,60889.3,24000,880000,20,1,0,0,0,345706,14878,121.1,19.2,40,1460,1330.9,555.9,308975.2,1,6,1,482,6516,0,0,0,0.1,1330.9,1435.8,148.8,2,1,0,1,1,0,17285,24719465,744,91553,64240,1024,17026,1200,14468667,800000,18953953,9838693,3329674,300000,4328576,2264178,Bot
6667,6,02/03/2018 14:33:44,44970389,17934,701,25970709,95743,1460,1200,1446.4,158.0,240,40,156.6,44.0,343390,131.2,7733.2,24000,880000,20,44790507,2497.6,24000,880000,20,44790507,63937.2,24000,880000,20,1,0,0,0,358673,14010,125.4,19.3,40,1460,1366.3,477.1,227616.8,1,6,1,484,6483,0,0,0,0.1,1366.3,1446.4,156.6,2,1,0,1,1,0,17934,25970709,701,95743,64240,1024,17664,1200,14794165,800000,19380356,10060032,3675078,300000,4777601,2499053,Bot
4444,6,02/03/2018 14:33:46,45426515,17898,718,25820227,88738,1460,1200,1438.2,137.1,240,40,143.9,44.0,344303,131.2,7924.7,24000,880000,20,45244809,2527.9,24000,880000,20,45244809,63008.3,24000,880000,20,1,0,0,0,357969,14361,119.8,18.3,40,1460,1365.7,498.9,248923.9,1,6,1,486,6735,0,0,0,0.1,1365.7,1438.2,143.9,2,1,0,1,1,0,17898,25820227,718,88738,64240,1024,17630,1200,14635298,800000,19172240,9952002,3485930,300000,4531710,2370433,Bot
6667,6,02/03/2018 14:33:48,44603274,17937,749,25579179,89734,1460,1200,1438.9,159.1,240,40,154.5,44.0,336233,133.1,7963.2,24000,880000,20,44424861,2476.7,24000,880000,20,44424861,59280.8,24000,880000,20,1,0,0,0,358735,14987,124.5,18.1,40,1460,1354.4,546.0,298074.3,1,6,1,488,6777,0,0,0,0.1,1354.4,1438.9,154.5,2,1,0,1,1,0,17937,25579179,749,89734,64240,1024,17667,1200,14663182,800000,19208769,9970964,3803619,300000,4944705,2586461,Bot
443,6,02/03/2018 14:33:50,45085659,18370,750,26311457,101195,1460,1200,1428.4,131.1,240,40,147.1,44.0,355517,129.6,8168.0,24000,880000,20,44905316,2444.5,24000,880000,20,44905316,59859.3,24000,880000,20,1,0,0,0,367393,15003,119.7,17.9,40,1460,1351.3,485.4,235595.9,1,6,1,490,6676,0,0,0,0.1,1351.3,1428.4,147.1,2,1,0,1,1,0,18370,26311457,750,101195,64240,1024,18094,1200,14355397,800000,18805570,9761670,3876995,300000,5040093,2636356,Bot
8443,6,02/03/2018 14:33:52,46067375,18484,721,26777413,98186,1460,1200,1431.2,146.1,240,40,154.6,44.0,346145,136.1,7973.4,24000,880000,20,45883105,2482.3,24000,880000,20,45883105,63676.4,24000,880000,20,1,0,0,0,369687,14411,125.2,19.2,40,1460,1355.2,519.2,269528.1,1,6,1,492,6760,0,0,0,0.1,1355.2,1431.2,154.6,2,1,0,1,1,0,18484,26777413,721,98186,64240,1024,18207,1200,15693489,800000,20558471,10671573,3753026,300000,4878934,2552058,Bot
6667,6,02/03/2018 14:33:54,45637414,17907,726,25659403,93549,1460,1200,1452.1,137.9,240,40,146.5,44.0,352167,131.9,8005.5,24000,880000,20,45454864,2538.4,24000,880000,20,45454864,62610.9,24000,880000,20,1,0,0,0,358144,14519,122.2,19.0,40,1460,1331.7,528.9,279740.1,1,6,1,494,6504,0,0,0,0.1,1331.7,1452.1,146.5,2,1,0,1,1,0,17907,25659403,726,93549,64240,1024,17638,1200,14845378,800000,19447445,10094857,3521812,300000,4578356,2394832,Bot
8080,6,02/03/2018 14:33:56,44983262,17974,749,25942375,95796,1460,1200,1451.8,147.5,240,40,153.7,44.0,358522,134.7,7909.9,24000,880000,20,44803329,2492.6,24000,880000,20,44803329,59846.5,24000,880000,20,1,0,0,0,359485,14972,124.5,19.4,40,1460,1341.4,524.6,275236.9,1,6,1,496,6546,0,0,0,0.1,1341.4,1451.8,153.7,2,1,0,1,1,0,17974,25942375,749,95796,64240,1024,17704,1200,15537935,800000,20354695,10565796,3935924,300000,5116701,2676428,Bot
443,6,02/03/2018 14:33:58,44785214,18828,751,27318813,97820,1460,1200,1439.5,141.9,240,40,139.3,44.0,345782,136.0,7981.3,24000,880000,20,44606073,2369.1,24000,880000,20,44606073,59378.4,24000,880000,20,1,0,0,0,376560,15024,120.9,18.1,40,1460,1382.0,547.1,299305.1,1,6,1,498,6746,0,0,0,0.1,1382.0,1439.5,139.3,2,1,0,1,1,0,18828,27318813,751,97820,64240,1024,18545,1200,15922679,800000,20858709,10827422,3832604,300000,4982385,2606171,Bot
4444,6,02/03/2018 14:34:00,45115105,18584,733,26720616,89953,1460,1200,1432.3,142.9,240,40,141.6,44.0,346150,136.9,7847.5,24000,880000,20,44934645,2417.9,24000,880000,20,44934645,61296.6,24000,880000,20,1,0,0,0,371681,14661,127.3,19.0,40,1460,1347.4,489.3,239369.6,1,6,1,500,6648,0,0,0,0.1,1347.4,1432.3,141.6,2,1,0,1,1,0,18584,26720616,733,89953,64240,1024,18305,1200,14658689,800000,19202883,9967909,3426903,300000,4454973,2330294,Bot
6667,6,02/03/2018 14:34:02,45430829,18776,757,26961544,96845,1460,1200,1429.5,141.6,240,40,145.2,44.0,342523,133.5,7908.4,24000,880000,20,45249105,2409.9,24000,880000,20,45249105,59740.2,24000,880000,20,1,0,0,0,375529,15148,121.7,18.3,40,1460,1379.0,523.5,274022.1,1,6,1,502,6553,0,0,0,0.1,1379.0,1429.5,145.2,2,1,0,1,1,0,18776,26961544,757,96845,64240,1024,18494,1200,15579239,800000,20408802,10593882,3720337,300000,4836438,2529829,Bot
443,6,02/03/2018 14:34:04,45032968,19209,719,28063337,96946,1460,1200,1434.6,133.5,240,40,144.1,44.0,367523,130.5,7740.2,24000,880000,20,44852837,2335.0,24000,880000,20,44852837,62366.0,24000,880000,20,1,0,0,0,384172,14383,123.3,18.8,40,1460,1363.6,534.7,285856.5,1,6,1,504,6306,0,0,0,0.1,1363.6,1434.6,144.1,2,1,0,1,1,0,19209,28063337,719,96946,64240,1024,18920,1200,14624048,800000,19157503,9944353,3614494,300000,4698843,2457856,Bot
4444,6,02/03/2018 14:34:06,46703952,18814,714,26803454,91094,1460,1200,1451.9,129.3,240,40,139.5,44.0,362381,134.8,8005.9,24000,880000,20,46517136,2472.4,24000,880000,20,46517136,65147.3,24000,880000,20,1,0,0,0,376285,14280,122.5,19.0,40,1460,1352.3,512.5,262645.0,1,6,1,506,6510,0,0,0,0.1,1352.3,1451.9,139.5,2,1,0,1,1,0,18814,26803454,714,91094,64240,1024,18532,1200,15592429,800000,20426082,10602852,3591236,300000,4668607,2442041,Bot
6667,6,02/03/2018 14:34:08,46054732,18685,734,27118393,101103,1460,1200,1431.4,158.0,240,40,138.5,44.0,347956,135.7,8259.4,24000,880000,20,45870513,2455.0,24000,880000,20,45870513,62507.3,24000,880000,20,1,0,0,0,373698,14676,125.2,18.3,40,1460,1363.3,528.0,278752.5,1,6,1,508,6300,0,0,0,0.1,1363.3,1431.4,138.5,2,1,0,1,1,0,18685,27118393,734,101103,64240,1024,18404,1200,15121682,800000,19809404,10282744,3681114,300000,4785448,2503157,Bot
4444,6,02/03/2018 14:34:10,46502931,18652,755,27096483,95732,1460,1200,1445.5,138.7,240,40,147.6,44.0,368392,133.9,7732.5,24000,880000,20,46316920,2483.2,24000,880000,20,46316920,61373.7,24000,880000,20,1,0,0,0,373042,15093,127.1,18.6,40,1460,1357.1,492.5,242545.4,1,6,1,510,6410,0,0,0,0.1,1357.1,1445.5,147.6,2,1,0,1,1,0,18652,27096483,755,95732,64240,1024,18372,1200,15494486,800000,20297777,10536250,3564197,300000,4633456,2423654,Bot
4444,6,02/03/2018 14:34:12,46992006,19174,764,27889944,105120,1460,1200,1449.1,155.3,240,40,139.9,44.0,336696,138.7,7796.0,24000,880000,20,46804038,2441.0,24000,880000,20,46804038,61244.5,24000,880000,20,1,0,0,0,383484,15284,127.0,19.3,40,1460,1382.5,534.4,285598.3,1,6,1,512,6653,0,0,0,0.1,1382.5,1449.1,139.9,2,1,0,1,1,0,19174,27889944,764,105120,64240,1024,18886,1200,14640056,800000,19178474,9955238,3913369,300000,5087380,2661091,Bot
4444,6,02/03/2018 14:34:14,46943194,19449,742,27883341,92996,1460,1200,1438.1,145.8,240,40,155.1,44.0,354636,131.4,7760.0,24000,880000,20,46755421,2404.0,24000,880000,20,46755421,62996.2,24000,880000,20,1,0,0,0,388980,14843,125.9,19.8,40,1460,1380.8,498.2,248162.0,1,6,1,514,6372,0,0,0,0.1,1380.8,1438.1,155.1,2,1,0,1,1,0,19449,27883341,742,92996,64240,1024,19157,1200,15707932,800000,20577391,10681394,3665206,300000,4764768,2492340,Bot
8443,6,02/03/2018 14:34:16,46614989,18999,786,27743333,103521,1460,1200,1450.2,132.8,240,40,143.0,44.0,357565,135.5,8063.1,24000,880000,20,46428529,2443.7,24000,880000,20,46428529,59059.4,24000,880000,20,1,0,0,0,379981,15722,127.0,19.0,40,1460,1378.7,485.5,235745.6,1,6,1,516,6289,0,0,0,0.1,1378.7,1450.2,143.0,2,1,0,1,1,0,18999,27743333,786,103521,64240,1024,18714,1200,15501564,800000,20307049,10541063,3880668,300000,5044868,2638854,Bot
8080,6,02/03/2018 14:34:18,45451918,20021,764,28653398,103908,1460,1200,1452.4,154.1,240,40,138.0,44.0,339107,133.4,8032.0,24000,880000,20,45270110,2261.1,24000,880000,20,45270110,59260.5,24000,880000,20,1,0,0,0,400423,15278,125.5,20.1,40,1460,1331.2,530.1,280988.1,1,6,1,518,6818,0,0,0,0.1,1331.2,1452.4,138.0,2,1,0,1,1,0,20021,28653398,764,103908,64240,1024,19720,1200,15239792,800000,19964128,10363059,3594129,300000,4672368,2444008,Bot
443,6,02/03/2018 14:34:20,46284496,19525,805,27976449,110588,1460,1200,1450.2,137.8,240,40,156.3,44.0,343585,139.3,8025.7,24000,880000,20,46099358,2361.1,24000,880000,20,46099358,57291.5,24000,880000,20,1,0,0,0,390494,16092,124.2,19.7,40,1460,1374.5,548.2,300470.3,1,6,1,520,6345,0,0,0,0.1,1374.5,1450.2,156.3,2,1,0,1,1,0,19525,27976449,805,110588,64240,1024,19231,1200,16323122,800000,21383290,11099723,3582962,300000,4657850,2436414,Bot
4444,6,02/03/2018 14:34:22,45737429,20431,779,29176248,102096,1460,1200,1435.4,138.7,240,40,145.3,44.0,343795,133.8,7998.7,24000,880000,20,45554479,2229.7,24000,880000,20,45554479,58463.8,24000,880000,20,1,0,0,0,408622,15583,126.9,19.1,40,1460,1359.8,538.9,290453.5,1,6,1,522,6339,0,0,0,0.1,1359.8,1435.4,145.3,2,1,0,1,1,0,20431,29176248,779,102096,64240,1024,20124,1200,15974072,800000,20926034,10862369,3853434,300000,5009465,2620335,Bot
8443,6,02/03/2018 14:34:24,46167541,20207,786,28952731,106653,1460,1200,1427.5,140.6,240,40,146.7,44.0,336724,134.4,8386.8,24000,880000,20,45982871,2275.5,24000,880000,20,45982871,58507.8,24000,880000,20,1,0,0,0,404147,15718,124.3,20.2,40,1460,1347.6,541.3,292969.1,1,6,1,524,6790,0,0,0,0.1,1347.6,1427.5,146.7,2,1,0,1,1,0,20207,28952731,786,106653,64240,1024,19904,1200,15583993,800000,20415031,10597116,3905367,300000,5076978,2655650,Bot
8080,6,02/03/2018 14:34:26,45884995,20104,740,29143637,95831,1460,1200,1445.8,157.3,240,40,145.7,44.0,345088,139.0,7994.6,24000,880000,20,45701455,2273.3,24000,880000,20,45701455,61744.1,24000,880000,20,1,0,0,0,402077,14803,128.7,18.5,40,1460,1353.8,479.4,229857.9,1,6,1,526,6306,0,0,0,0.1,1353.8,1445.8,145.7,2,1,0,1,1,0,20104,29143637,740,95831,64240,1024,19802,1200,16034279,800000,21004906,10903310,3807148,300000,4949292,2588860,Bot
8080,6,02/03/2018 14:34:28,46735084,20716,775,29741862,95676,1460,1200,1443.3,140.2,240,40,138.6,44.0,352384,140.1,8302.4,24000,880000,20,46548144,2247.0,24000,880000,20,46548144,60042.2,24000,880000,20,1,0,0,0,414322,15505,128.0,20.1,40,1460,1370.6,492.2,242285.2,1,6,1,528,6865,0,0,0,0.1,1370.6,1443.3,138.6,2,1,0,1,1,0,20716,29741862,775,95676,64240,1024,20405,1200,15884652,800000,20808895,10801564,4046297,300000,5260186,2751482,Bot
8080,6,02/03/2018 14:34:30,46798837,20285,780,29489820,109244,1460,1200,1438.0,151.1,240,40,137.9,44.0,366296,137.8,7668.3,24000,880000,20,46611642,2297.9,24000,880000,20,46611642,59795.9,24000,880000,20,1,0,0,0,405695,15590,130.4,20.1,40,1460,1384.7,515.4,265671.9,1,6,1,530,6402,0,0,0,0.1,1384.7,1438.0,137.9,2,1,0,1,1,0,20285,29489820,780,109244,64240,1024,19980,1200,15746396,800000,20627779,10707549,3696704,300000,4805715,2513759,Bot
8080,6,02/03/2018 14:34:32,46186735,20870,811,29685475,105408,1460,1200,1442.1,153.5,240,40,151.9,44.0,341460,140.3,7682.8,24000,880000,20,46001988,2204.2,24000,880000,20,46001988,56695.5,24000,880000,20,1,0,0,0,417393,16227,129.7,20.3,40,1460,1355.0,558.8,312230.2,1,6,1,532,6642,0,0,0,0.1,1355.0,1442.1,151.9,2,1,0,1,1,0,20870,29685475,811,105408,64240,1024,20556,1200,15295869,800000,20037588,10401191,3752589,300000,4878365,2551760,Bot
6667,6,02/03/2018 14:34:34,46079278,21202,802,30385235,102964,1460,1200,1444.0,136.9,240,40,139.7,44.0,358834,134.0,7954.1,24000,880000,20,45894961,2164.6,24000,880000,20,45894961,57193.0,24000,880000,20,1,0,0,0,424048,16049,130.7,19.1,40,1460,1372.1,520.8,271232.7,1,6,1,534,6715,0,0,0,0.1,1372.1,1444.0,139.7,2,1,0,1,1,0,21202,30385235,802,102964,64240,1024,20884,1200,15022000,800000,19678820,10214960,3612856,300000,4696713,2456742,Bot
8443,6,02/03/2018 14:34:36,47979608,20610,829,29261271,109756,1460,1200,1451.6,137.2,240,40,140.4,44.0,352296,138.0,7906.9,24000,880000,20,47787689,2318.7,24000,880000,20,47787689,57651.1,24000,880000,20,1,0,0,0,412191,16578,125.7,19.8,40,1460,1385.8,513.3,263446.4,1,6,1,536,6331,0,0,0,0.1,1385.8,1451.6,140.4,2,1,0,1,1,0,20610,29261271,829,109756,64240,1024,20300,1200,15145497,800000,19840601,10298938,4073003,300000,5294904,2769642,Bot
4444,6,02/03/2018 14:34:38,46770512,20536,804,29802628,109339,1460,1200,1449.5,153.3,240,40,152.7,44.0,361261,137.4,8192.2,24000,880000,20,46583430,2268.3,24000,880000,20,46583430,57910.8,24000,880000,20,1,0,0,0,410727,16087,124.7,19.1,40,1460,1354.9,483.0,233327.2,1,6,1,538,6760,0,0,0,0.1,1354.9,1449.5,152.7,2,1,0,1,1,0,20536,29802628,804,109339,64240,1024,20228,1200,15992430,800000,20950084,10874853,3597561,300000,4676829,2446341,Bot
8080,6,02/03/2018 14:34:40,47466821,21481,837,31227724,117097,1460,1200,1426.2,157.9,240,40,139.2,44.0,358678,136.5,7862.4,24000,880000,20,47276954,2200.9,24000,880000,20,47276954,56462.7,24000,880000,20,1,0,0,0,429610,16746,130.7,18.8,40,1460,1380.2,490.5,240621.5,1,6,1,540,6474,0,0,0,0.1,1380.2,1426.2,139.2,2,1,0,1,1,0,21481,31227724,837,117097,64240,1024,21158,1200,16322052,800000,21381888,11098995,4002052,300000,5202667,2721395,Bot
8080,6,02/03/2018 14:34:42,47341304,21586,770,31482264,95666,1460,1200,1438.5,161.4,240,40,152.5,44.0,367559,139.6,7862.5,24000,880000,20,47151939,2184.4,24000,880000,20,47151939,61199.7,24000,880000,20,1,0,0,0,431722,15409,127.8,18.8,40,1460,1357.8,539.0,290474.0,1,6,1,542,6563,0,0,0,0.1,1357.8,1438.5,152.5,2,1,0,1,1,0,21586,31482264,770,95666,64240,1024,21262,1200,15816720,800000,20719903,10755369,3568051,300000,4638467,2426275,Bot
4444,6,02/03/2018 14:34:44,46584570,20956,813,30536134,99762,1460,1200,1436.5,143.6,240,40,140.6,44.0,369908,139.7,7724.3,24000,880000,20,46398232,2214.0,24000,880000,20,46398232,57061.4,24000,880000,20,1,0,0,0,419126,16262,126.7,19.2,40,1460,1377.7,513.3,263458.5,1,6,1,544,6728,0,0,0,0.1,1377.7,1436.5,140.6,2,1,0,1,1,0,20956,30536134,813,99762,64240,1024,20641,1200,15734159,800000,20611748,10699228,3627628,300000,4715916,2466787,Bot
4444,6,02/03/2018 14:34:46,47375793,21811,792,31011340,99052,1460,1200,1432.0,137.8,240,40,143.8,44.0,356172,135.9,7814.1,24000,880000,20,47186290,2163.4,24000,880000,20,47186290,59570.5,24000,880000,20,1,0,0,0,436225,15842,125.6,18.7,40,1460,1351.2,554.7,307732.8,1,6,1,546,6953,0,0,0,0.1,1351.2,1432.0,143.8,2,1,0,1,1,0,21811,31011340,792,99052,64240,1024,21484,1200,15790821,800000,20685976,10737758,3845739,300000,4999461,2615103,Bot
8080,6,02/03/2018 14:34:48,48001825,21616,791,30822465,96361,1460,1200,1448.3,133.4,240,40,142.5,44.0,365863,139.2,8073.3,24000,880000,20,47809818,2211.7,24000,880000,20,47809818,60436.8,24000,880000,20,1,0,0,0,432327,15821,125.2,19.3,40,1460,1333.5,534.1,285231.5,1,6,1,548,6778,0,0,0,0.1,1333.5,1448.3,142.5,2,1,0,1,1,0,21616,30822465,791,96361,64240,1024,21292,1200,16369456,800000,21443987,11131230,4090188,300000,5317245,2781328,Bot
8080,6,02/03/2018 14:34:50,46939143,21222,801,30751627,106326,1460,1200,1439.7,129.2,240,40,158.3,44.0,368358,136.4,7646.7,24000,880000,20,46751386,2202.9,24000,880000,20,46751386,58357.8,24000,880000,20,1,0,0,0,424449,16022,127.1,20.0,40,1460,1378.7,489.5,239639.7,1,6,1,550,6417,0,0,0,0.1,1378.7,1439.7,158.3,2,1,0,1,1,0,21222,30751627,801,106326,64240,1024,20904,1200,16345524,800000,21412637,11114956,3769333,300000,4900132,2563146,Bot
443,6,02/03/2018 14:34:52,46847514,21120,845,30322393,101429,1460,1200,1434.6,137.9,240,40,141.4,44.0,354168,140.4,8320.3,24000,880000,20,46660124,2209.3,24000,880000,20,46660124,55225.9,24000,880000,20,1,0,0,0,422391,16897,131.8,20.8,40,1460,1369.3,510.7,260778.0,1,6,1,552,6630,0,0,0,0.1,1369.3,1434.6,141.4,2,1,0,1,1,0,21120,30322393,845,101429,64240,1024,20802,1200,16526077,800000,21649161,11237732,3792524,300000,4930281,2578916,Bot
6667,6,02/03/2018 14:34:54,47253825,21113,834,30332699,104481,1460,1200,1451.0,146.4,240,40,158.1,44.0,352045,139.1,7690.7,24000,880000,20,47064809,2229.2,24000,880000,20,47064809,56415.7,24000,880000,20,1,0,0,0,422250,16685,128.5,19.3,40,1460,1343.8,526.5,277191.8,1,6,1,554,6676,0,0,0,0.1,1343.8,1451.0,158.1,2,1,0,1,1,0,21113,30332699,834,104481,64240,1024,20795,1200,15483747,800000,20283709,10528948,4090749,300000,5317974,2781709,Bot
443,6,02/03/2018 14:34:56,47382850,22465,863,32704507,109612,1460,1200,1436.0,144.8,240,40,140.8,44.0,344353,142.9,7878.5,24000,880000,20,47193319,2100.8,24000,880000,20,47193319,54692.7,24000,880000,20,1,0,0,0,449293,17257,128.5,20.8,40,1460,1383.8,515.7,265964.5,1,6,1,556,6495,0,0,0,0.1,1383.8,1436.0,140.8,2,1,0,1,1,0,22465,32704507,863,109612,64240,1024,22127,1200,15420212,800000,20200478,10485744,3893338,300000,5061339,2647470,Bot
8080,6,02/03/2018 14:34:58,47201788,21998,833,32007673,114089,1460,1200,1449.1,155.5,240,40,160.2,44.0,376668,141.2,8059.5,24000,880000,20,47012981,2137.1,24000,880000,20,47012981,56445.2,24000,880000,20,1,0,0,0,439959,16657,132.4,19.0,40,1460,1361.5,526.7,277418.6,1,6,1,558,6495,0,0,0,0.1,1361.5,1449.1,160.2,2,1,0,1,1,0,21998,32007673,833,114089,64240,1024,21668,1200,16655102,800000,21818183,11325469,4050908,300000,5266180,2754617,Bot
